codigo_ibge;municipio;uf;ng
;Acrelândia;AC;14
;Assis Brasil;AC;14
;Brasileia;AC;14
;Bujari;AC;14
;Capixaba;AC;10
;Cruzeiro do Sul;AC;14
;Epitaciolândia;AC;12
;Feijó;AC;16
;Jordão;AC;10
;Manoel Urbano;AC;14
;Marechal Thaumaturgo;AC;12
;Mâncio Lima;AC;14
;Plácido de Castro;AC;14
;Porto Acre;AC;14
;Porto Walter;AC;12
;Rio Branco;AC;14
;Rodrigues Alves;AC;14
;Santa Rosa do Purus;AC;12
;Sena Madureira;AC;14
;Senador Guiomard;AC;14
;Tarauacá;AC;14
;Xapuri;AC;12
;Anadia;AL;2
;Arapiraca;AL;2
;Atalaia;AL;2
;Barra de Santo Antônio;AL;2
;Barra de São Miguel;AL;2
;Batalha;AL;4
;Belo Monte;AL;4
;Belém;AL;2
;Boca da Mata;AL;2
;Branquinha;AL;2
;Cacimbinhas;AL;4
;Cajueiro;AL;2
;Campestre;AL;2
;Campo Alegre;AL;2
;Campo Grande;AL;2
;Canapi;AL;4
;Capela;AL;2
;Carneiros;AL;4
;Chã Preta;AL;2
;Coité do Noia;AL;2
;Colônia Leopoldina;AL;2
;Coqueiro Seco;AL;2
;Coruripe;AL;2
;Craíbas;AL;2
;Delmiro Gouveia;AL;4
;Dois Riachos;AL;4
;Estrela de Alagoas;AL;2
;Feira Grande;AL;2
;Feliz Deserto;AL;2
;Flexeiras;AL;2
;Girau do Ponciano;AL;2
;Ibateguara;AL;2
;Igaci;AL;2
;Igreja Nova;AL;2
;Inhapi;AL;4
;Jacaré dos Homens;AL;4
;Jacuípe;AL;2
;Japaratinga;AL;2
;Jaramataia;AL;2
;Jequiá da Praia;AL;2
;Joaquim Gomes;AL;2
;Jundiá;AL;2
;Junqueiro;AL;2
;Lagoa da Canoa;AL;2
;Limoeiro de Anadia;AL;2
;Maceió;AL;2
;Major Isidoro;AL;4
;Mar Vermelho;AL;2
;Maragogi;AL;2
;Maravilha;AL;4
;Marechal Deodoro;AL;2
;Maribondo;AL;2
;Mata Grande;AL;4
;Matriz de Camaragibe;AL;2
;Messias;AL;2
;Minador do Negrão;AL;4
;Monteirópolis;AL;4
;Murici;AL;2
;Novo Lino;AL;2
;Olho d’Água Grande;AL;2
;Olho d’Água das Flores;AL;4
;Olho d’Água do Casado;AL;4
;Olivença;AL;4
;Ouro Branco;AL;4
;Palestina;AL;4
;Palmeira dos Índios;AL;2
;Pariconha;AL;2
;Paripueira;AL;2
;Passo de Camaragibe;AL;2
;Paulo Jacinto;AL;2
;Penedo;AL;2
;Piaçabuçu;AL;2
;Pilar;AL;2
;Pindoba;AL;2
;Piranhas;AL;4
;Porto Calvo;AL;2
;Porto Real do Colégio;AL;2
;Porto de Pedras;AL;2
;Poço das Trincheiras;AL;4
;Pão de Açúcar;AL;4
;Quebrângulo;AL;2
;Rio Largo;AL;2
;Roteiro;AL;2
;Santa Luzia do Norte;AL;2
;Santana do Ipanema;AL;4
;Santana do Mundaú;AL;2
;Satuba;AL;2
;Senador Rui Palmeira;AL;4
;São Brás;AL;2
;São José da Laje;AL;2
;São José da Tapera;AL;4
;São Luís do Quitunde;AL;2
;São Miguel dos Campos;AL;2
;São Miguel dos Milagres;AL;2
;São Sebastião;AL;2
;Tanque d’Arca;AL;2
;Taquarana;AL;2
;Teotônio Vilela;AL;2
;Traipu;AL;2
;União dos Palmares;AL;2
;Viçosa;AL;2
;Água Branca;AL;4
;Alvarães;AM;20
;Amaturá;AM;18
;Anamã;AM;22
;Anori;AM;28
;Apuí;AM;24
;Atalaia do Norte;AM;20
;Autazes;AM;22
;Barcelos;AM;20
;Barreirinha;AM;20
;Benjamin Constant;AM;18
;Beruri;AM;30
;Boa Vista do Ramos;AM;20
;Boca do Acre;AM;16
;Borba;AM;26
;Caapiranga;AM;24
;Canutama;AM;18
;Carauari;AM;20
;Careiro;AM;26
;Careiro da Várzea;AM;24
;Coari;AM;24
;Codajás;AM;28
;Eirunepé;AM;14
;Envira;AM;16
;Fonte Boa;AM;18
;Guajará;AM;16
;Humaitá;AM;22
;Ipixuna;AM;14
;Iranduba;AM;28
;Itacoatiara;AM;24
;Itamarati;AM;16
;Itapiranga;AM;14
;Japurá;AM;20
;Juruá;AM;20
;Jutaí;AM;16
;Lábrea;AM;16
;Manacapuru;AM;26
;Manaquiri;AM;28
;Manaus;AM;32
;Manicoré;AM;24
;Maraã;AM;22
;Maués;AM;24
;Nhamundá;AM;18
;Nova Olinda do Norte;AM;22
;Novo Airão;AM;28
;Novo Aripuanã;AM;22
;Parintins;AM;20
;Pauini;AM;16
;Presidente Figueiredo;AM;20
;Rio Preto da Eva;AM;26
;Santa Isabel do Rio Negro;AM;20
;Santo Antônio do Içá;AM;20
;Silves;AM;16
;São Gabriel da Cachoeira;AM;20
;São Paulo de Olivença;AM;18
;São Sebastião do Uatumã;AM;16
;Tabatinga;AM;16
;Tapauá;AM;24
;Tefé;AM;22
;Tonantins;AM;20
;Uarini;AM;22
;Urucará;AM;14
;Urucurituba;AM;18
;Amapá;AP;4
;Calçoene;AP;6
;Cutias;AP;4
;Ferreira Gomes;AP;8
;Itaubal;AP;4
;Laranjal do Jari;AP;12
;Macapá;AP;6
;Mazagão;AP;12
;Oiapoque;AP;6
;Pedra Branca do Amapari;AP;10
;Porto Grande;AP;12
;Pracuúba;AP;6
;Santana;AP;8
;Serra do Navio;AP;10
;Tartarugalzinho;AP;8
;Vitória do Jari;AP;12
;Abaré;BA;4
;Abaíra;BA;6
;Acajutiba;BA;2
;Adustina;BA;2
;Aiquara;BA;6
;Alagoinhas;BA;4
;Alcobaça;BA;4
;Almadina;BA;4
;Amargosa;BA;2
;Amélia Rodrigues;BA;4
;América Dourada;BA;6
;Anagé;BA;4
;Andaraí;BA;6
;Andorinha;BA;4
;Angical;BA;10
;Anguera;BA;4
;Antas;BA;2
;Antônio Cardoso;BA;4
;Antônio Gonçalves;BA;4
;Aporá;BA;2
;Apuarema;BA;4
;Aracatu;BA;4
;Araci;BA;4
;Aramari;BA;4
;Arataca;BA;4
;Aratuípe;BA;2
;Araçás;BA;4
;Aurelino Leal;BA;4
;Baianópolis;BA;12
;Baixa Grande;BA;4
;Banzaê;BA;4
;Barra;BA;12
;Barra da Estiva;BA;6
;Barra do Choça;BA;4
;Barra do Mendes;BA;6
;Barra do Rocha;BA;4
;Barreiras;BA;20
;Barro Alto;BA;4
;Barro Preto;BA;4
;Barrocas;BA;2
;Belmonte;BA;6
;Belo Campo;BA;4
;Biritinga;BA;4
;Boa Nova;BA;6
;Boa Vista do Tupim;BA;6
;Bom Jesus da Lapa;BA;14
;Bom Jesus da Serra;BA;4
;Boninal;BA;4
;Bonito;BA;4
;Boquira;BA;14
;Botuporã;BA;6
;Brejolândia;BA;12
;Brejões;BA;2
;Brotas de Macaúbas;BA;10
;Brumado;BA;6
;Buerarema;BA;2
;Buritirama;BA;8
;Caatiba;BA;4
;Cabaceiras do Paraguaçu;BA;4
;Cachoeira;BA;4
;Caculé;BA;4
;Caetanos;BA;4
;Caetité;BA;6
;Cafarnaum;BA;4
;Cairu;BA;2
;Caldeirão Grande;BA;4
;Camacan;BA;4
;Camamu;BA;2
;Camaçari;BA;2
;Campo Alegre de Lourdes;BA;8
;Campo Formoso;BA;6
;Canarana;BA;4
;Canavieiras;BA;6
;Candeal;BA;4
;Candeias;BA;2
;Candiba;BA;6
;Cansanção;BA;4
;Canudos;BA;4
;Canápolis;BA;10
;Capela do Alto Alegre;BA;4
;Capim Grosso;BA;2
;Caravelas;BA;6
;Caraíbas;BA;4
;Cardeal da Silva;BA;2
;Carinhanha;BA;8
;Casa Nova;BA;6
;Castro Alves;BA;4
;Catolândia;BA;10
;Catu;BA;2
;Caturama;BA;6
;Caém;BA;4
;Central;BA;6
;Chorrochó;BA;4
;Cipó;BA;4
;Coaraci;BA;4
;Cocos;BA;14
;Conceição da Feira;BA;4
;Conceição do Almeida;BA;2
;Conceição do Coité;BA;4
;Conceição do Jacuípe;BA;4
;Conde;BA;2
;Condeúba;BA;4
;Contendas do Sincorá;BA;4
;Coração de Maria;BA;4
;Cordeiros;BA;4
;Coribe;BA;10
;Coronel João Sá;BA;4
;Correntina;BA;16
;Cotegipe;BA;14
;Cravolândia;BA;4
;Cristópolis;BA;14
;Crisópolis;BA;4
;Cruz das Almas;BA;4
;Curaçá;BA;6
;Cândido Sales;BA;4
;Cícero Dantas;BA;2
;Dias d’Ávila;BA;2
;Dom Basílio;BA;6
;Dom Macedo Costa;BA;2
;Dário Meira;BA;6
;Elísio Medrado;BA;2
;Encruzilhada;BA;6
;Entre Rios;BA;4
;Esplanada;BA;2
;Euclides da Cunha;BA;4
;Eunápolis;BA;6
;Feira da Mata;BA;8
;Feira de Santana;BA;4
;Filadélfia;BA;4
;Firmino Alves;BA;4
;Floresta Azul;BA;4
;Formosa do Rio Preto;BA;22
;Fátima;BA;2
;Gandu;BA;2
;Gavião;BA;2
;Gentio do Ouro;BA;10
;Glória;BA;6
;Gongogi;BA;4
;Governador Mangabeira;BA;4
;Guajeru;BA;4
;Guanambi;BA;6
;Guaratinga;BA;6
;Heliópolis;BA;2
;Iaçu;BA;4
;Ibiassucê;BA;4
;Ibicaraí;BA;4
;Ibicoara;BA;6
;Ibicuí;BA;4
;Ibipeba;BA;6
;Ibipitanga;BA;8
;Ibiquera;BA;4
;Ibirapitanga;BA;2
;Ibirapuã;BA;6
;Ibirataia;BA;4
;Ibitiara;BA;10
;Ibititá;BA;4
;Ibotirama;BA;14
;Ichu;BA;4
;Igaporã;BA;6
;Igrapiúna;BA;2
;Iguaí;BA;4
;Ilhéus;BA;4
;Inhambupe;BA;4
;Ipecaetá;BA;4
;Ipiaú;BA;4
;Ipirá;BA;4
;Ipupiara;BA;8
;Irajuba;BA;4
;Iramaia;BA;6
;Iraquara;BA;4
;Irará;BA;4
;Irecê;BA;6
;Itabela;BA;6
;Itaberaba;BA;4
;Itabuna;BA;2
;Itacaré;BA;2
;Itaeté;BA;6
;Itagi;BA;8
;Itagibá;BA;6
;Itagimirim;BA;6
;Itaguaçu da Bahia;BA;10
;Itaju do Colônia;BA;4
;Itajuípe;BA;4
;Itamaraju;BA;8
;Itamari;BA;4
;Itambé;BA;6
;Itanagra;BA;2
;Itanhém;BA;6
;Itaparica;BA;4
;Itapebi;BA;6
;Itapetinga;BA;4
;Itapicuru;BA;4
;Itapitanga;BA;4
;Itapé;BA;4
;Itaquara;BA;4
;Itarantim;BA;4
;Itatim;BA;2
;Itiruçu;BA;4
;Itiúba;BA;4
;Itororó;BA;4
;Ituaçu;BA;6
;Ituberá;BA;2
;Iuiu;BA;8
;Jaborandi;BA;16
;Jacaraci;BA;4
;Jacobina;BA;4
;Jaguaquara;BA;4
;Jaguarari;BA;4
;Jaguaripe;BA;4
;Jandaíra;BA;2
;Jequié;BA;8
;Jeremoabo;BA;4
;Jiquiriçá;BA;2
;Jitaúna;BA;6
;João Dourado;BA;6
;Juazeiro;BA;6
;Jucuruçu;BA;8
;Jussara;BA;6
;Jussari;BA;4
;Jussiape;BA;6
;Lafaiete Coutinho;BA;6
;Lagoa Real;BA;6
;Laje;BA;2
;Lajedinho;BA;4
;Lajedo do Tabocal;BA;6
;Lajedão;BA;6
;Lamarão;BA;2
;Lapão;BA;6
;Lauro de Freitas;BA;2
;Lençóis;BA;4
;Licínio de Almeida;BA;6
;Livramento de Nossa Senhora;BA;6
;Luís Eduardo Magalhães;BA;18
;Macajuba;BA;2
;Macarani;BA;6
;Macaúbas;BA;12
;Macururé;BA;6
;Madre de Deus;BA;4
;Maetinga;BA;4
;Maiquinique;BA;4
;Mairi;BA;4
;Malhada;BA;8
;Malhada de Pedras;BA;6
;Manoel Vitorino;BA;8
;Mansidão;BA;8
;Maracás;BA;8
;Maragogipe;BA;4
;Maraú;BA;2
;Marcionílio Souza;BA;6
;Mascote;BA;6
;Mata de São João;BA;2
;Matina;BA;6
;Medeiros Neto;BA;6
;Miguel Calmon;BA;4
;Milagres;BA;4
;Mirangaba;BA;4
;Mirante;BA;6
;Monte Santo;BA;4
;Morpará;BA;12
;Morro do Chapéu;BA;6
;Mortugaba;BA;4
;Mucugê;BA;6
;Mucuri;BA;6
;Mulungu do Morro;BA;4
;Mundo Novo;BA;4
;Muniz Ferreira;BA;2
;Muquém do São Francisco;BA;16
;Muritiba;BA;4
;Mutuípe;BA;2
;Nazaré;BA;4
;Nilo Peçanha;BA;2
;Nordestina;BA;4
;Nova Canaã;BA;4
;Nova Fátima;BA;4
;Nova Ibiá;BA;2
;Nova Itarana;BA;4
;Nova Redenção;BA;4
;Nova Soure;BA;4
;Nova Viçosa;BA;6
;Novo Horizonte;BA;6
;Novo Triunfo;BA;2
;Olindina;BA;4
;Oliveira dos Brejinhos;BA;14
;Ouriçangas;BA;4
;Ourolândia;BA;4
;Palmas de Monte Alto;BA;8
;Palmeiras;BA;4
;Paramirim;BA;6
;Paratinga;BA;16
;Paripiranga;BA;2
;Pau Brasil;BA;4
;Paulo Afonso;BA;4
;Pedro Alexandre;BA;4
;Pedrão;BA;4
;Piatã;BA;6
;Pilão Arcado;BA;10
;Pindaí;BA;6
;Pindobaçu;BA;4
;Pintadas;BA;4
;Piraí do Norte;BA;2
;Piripá;BA;4
;Piritiba;BA;4
;Planaltino;BA;4
;Planalto;BA;4
;Pojuca;BA;2
;Ponto Novo;BA;4
;Porto Seguro;BA;6
;Potiraguá;BA;6
;Poções;BA;4
;Prado;BA;6
;Presidente Dutra;BA;6
;Presidente Jânio Quadros;BA;4
;Presidente Tancredo Neves;BA;2
;Pé de Serra;BA;4
;Queimadas;BA;4
;Quijingue;BA;4
;Quixabeira;BA;2
;Rafael Jambeiro;BA;4
;Remanso;BA;6
;Retirolândia;BA;2
;Riacho de Santana;BA;10
;Riachão das Neves;BA;14
;Riachão do Jacuípe;BA;4
;Ribeira do Amparo;BA;4
;Ribeira do Pombal;BA;4
;Ribeirão do Largo;BA;6
;Rio Real;BA;2
;Rio de Contas;BA;6
;Rio do Antônio;BA;6
;Rio do Pires;BA;6
;Rodelas;BA;6
;Ruy Barbosa;BA;4
;Salinas da Margarida;BA;4
;Salvador;BA;4
;Santa Brígida;BA;4
;Santa Bárbara;BA;2
;Santa Cruz Cabrália;BA;6
;Santa Cruz da Vitória;BA;4
;Santa Inês;BA;4
;Santa Luzia;BA;4
;Santa Maria da Vitória;BA;10
;Santa Rita de Cássia;BA;12
;Santa Terezinha;BA;4
;Santaluz;BA;4
;Santana;BA;10
;Santanópolis;BA;4
;Santo Amaro;BA;4
;Santo Antônio de Jesus;BA;2
;Santo Estêvão;BA;4
;Sapeaçu;BA;4
;Saubara;BA;4
;Saúde;BA;4
;Seabra;BA;4
;Sebastião Laranjeiras;BA;8
;Senhor do Bonfim;BA;4
;Sento Sé;BA;8
;Serra Dourada;BA;10
;Serra Preta;BA;4
;Serra do Ramalho;BA;8
;Serrinha;BA;2
;Serrolândia;BA;2
;Simões Filho;BA;2
;Sobradinho;BA;6
;Souto Soares;BA;4
;Sátiro Dias;BA;4
;São Desidério;BA;18
;São Domingos;BA;4
;São Felipe;BA;2
;São Francisco do Conde;BA;4
;São Félix;BA;4
;São Félix do Coribe;BA;8
;São Gabriel;BA;6
;São Gonçalo dos Campos;BA;4
;São José da Vitória;BA;4
;São José do Jacuípe;BA;2
;São Miguel das Matas;BA;2
;São Sebastião do Passé;BA;4
;Sítio do Mato;BA;16
;Sítio do Quinto;BA;2
;Tabocas do Brejo Velho;BA;12
;Tanhaçu;BA;4
;Tanque Novo;BA;6
;Tanquinho;BA;4
;Taperoá;BA;2
;Tapiramutá;BA;2
;Teixeira de Freitas;BA;6
;Teodoro Sampaio;BA;4
;Teofilândia;BA;4
;Teolândia;BA;2
;Terra Nova;BA;4
;Tremedal;BA;4
;Tucano;BA;4
;Uauá;BA;4
;Ubaitaba;BA;2
;Ubatã;BA;2
;Ubaíra;BA;4
;Uibaí;BA;6
;Umburanas;BA;4
;Una;BA;4
;Urandi;BA;6
;Uruçuca;BA;2
;Utinga;BA;4
;Valente;BA;4
;Valença;BA;2
;Varzedo;BA;2
;Vera Cruz;BA;4
;Vereda;BA;6
;Vitória da Conquista;BA;4
;Várzea Nova;BA;4
;Várzea da Roça;BA;2
;Várzea do Poço;BA;4
;Wagner;BA;4
;Wanderley;BA;14
;Wenceslau Guimarães;BA;2
;Xique-Xique;BA;10
;Água Fria;BA;4
;Érico Cardoso;BA;6
;Abaiara;CE;8
;Acarape;CE;2
;Acaraú;CE;4
;Acopiara;CE;4
;Aiuaba;CE;4
;Alcântaras;CE;8
;Altaneira;CE;4
;Alto Santo;CE;6
;Amontada;CE;4
;Antonina do Norte;CE;4
;Apuiarés;CE;4
;Aquiraz;CE;2
;Aracati;CE;4
;Aracoiaba;CE;4
;Ararendá;CE;4
;Araripe;CE;4
;Aratuba;CE;4
;Arneiroz;CE;2
;Assaré;CE;4
;Aurora;CE;6
;Baixio;CE;4
;Banabuiú;CE;4
;Barbalha;CE;6
;Barreira;CE;2
;Barro;CE;6
;Barroquinha;CE;6
;Baturité;CE;4
;Beberibe;CE;4
;Bela Cruz;CE;6
;Boa Viagem;CE;4
;Brejo Santo;CE;8
;Camocim;CE;6
;Campos Sales;CE;4
;Canindé;CE;6
;Capistrano;CE;4
;Caridade;CE;4
;Caririaçu;CE;6
;Cariré;CE;8
;Cariús;CE;6
;Carnaubal;CE;6
;Cascavel;CE;4
;Catarina;CE;2
;Catunda;CE;8
;Caucaia;CE;2
;Cedro;CE;8
;Chaval;CE;6
;Chorozinho;CE;2
;Choró;CE;4
;Coreaú;CE;8
;Crateús;CE;6
;Crato;CE;4
;Croatá;CE;6
;Cruz;CE;4
;Deputado Irapuan Pinheiro;CE;4
;Ereré;CE;6
;Eusébio;CE;2
;Farias Brito;CE;4
;Forquilha;CE;8
;Fortaleza;CE;2
;Fortim;CE;2
;Frecheirinha;CE;8
;General Sampaio;CE;4
;Granja;CE;8
;Granjeiro;CE;6
;Graça;CE;6
;Groaíras;CE;8
;Guaiúba;CE;2
;Guaraciaba do Norte;CE;6
;Guaramiranga;CE;2
;Hidrolândia;CE;8
;Horizonte;CE;2
;Ibaretama;CE;4
;Ibiapina;CE;8
;Ibicuitinga;CE;4
;Icapuí;CE;4
;Icó;CE;6
;Iguatu;CE;6
;Independência;CE;6
;Ipaporanga;CE;4
;Ipaumirim;CE;6
;Ipu;CE;6
;Ipueiras;CE;6
;Iracema;CE;6
;Irauçuba;CE;6
;Itaitinga;CE;2
;Itaiçaba;CE;2
;Itapajé;CE;4
;Itapipoca;CE;2
;Itapiúna;CE;4
;Itarema;CE;2
;Itatira;CE;4
;Jaguaretama;CE;6
;Jaguaribara;CE;6
;Jaguaribe;CE;6
;Jaguaruana;CE;4
;Jardim;CE;6
;Jati;CE;8
;Jijoca de Jericoacoara;CE;4
;Juazeiro do Norte;CE;6
;Jucás;CE;4
;Lavras da Mangabeira;CE;8
;Limoeiro do Norte;CE;6
;Madalena;CE;4
;Maracanaú;CE;2
;Maranguape;CE;2
;Marco;CE;6
;Martinópole;CE;6
;Massapê;CE;6
;Mauriti;CE;8
;Meruoca;CE;6
;Milagres;CE;8
;Milhã;CE;4
;Miraíma;CE;4
;Missão Velha;CE;6
;Mombaça;CE;4
;Monsenhor Tabosa;CE;4
;Morada Nova;CE;6
;Moraújo;CE;8
;Morrinhos;CE;4
;Mucambo;CE;8
;Mulungu;CE;4
;Nova Olinda;CE;4
;Nova Russas;CE;8
;Novo Oriente;CE;6
;Ocara;CE;4
;Orós;CE;6
;Pacajus;CE;2
;Pacatuba;CE;2
;Pacoti;CE;2
;Pacujá;CE;8
;Palhano;CE;4
;Palmácia;CE;2
;Paracuru;CE;2
;Paraipaba;CE;2
;Parambu;CE;4
;Paramoti;CE;4
;Pedra Branca;CE;4
;Penaforte;CE;6
;Pentecoste;CE;4
;Pereiro;CE;6
;Pindoretama;CE;2
;Piquet Carneiro;CE;2
;Pires Ferreira;CE;6
;Poranga;CE;6
;Porteiras;CE;6
;Potengi;CE;4
;Potiretama;CE;6
;Quiterianópolis;CE;4
;Quixadá;CE;4
;Quixelô;CE;6
;Quixeramobim;CE;4
;Quixeré;CE;4
;Redenção;CE;2
;Reriutaba;CE;8
;Russas;CE;4
;Saboeiro;CE;4
;Salitre;CE;6
;Santa Quitéria;CE;6
;Santana do Acaraú;CE;6
;Santana do Cariri;CE;4
;Senador Pompeu;CE;4
;Senador Sá;CE;6
;Sobral;CE;8
;Solonópole;CE;4
;São Benedito;CE;6
;São Gonçalo do Amarante;CE;2
;São João do Jaguaribe;CE;6
;São Luís do Curu;CE;4
;Tabuleiro do Norte;CE;6
;Tamboril;CE;8
;Tarrafas;CE;4
;Tauá;CE;4
;Tejuçuoca;CE;6
;Tianguá;CE;10
;Trairi;CE;2
;Tururu;CE;4
;Ubajara;CE;8
;Umari;CE;6
;Umirim;CE;4
;Uruburetama;CE;2
;Uruoca;CE;8
;Varjota;CE;8
;Viçosa do Ceará;CE;10
;Várzea Alegre;CE;8
;Brasília;DF;16
;Afonso Cláudio;ES;10
;Alegre;ES;14
;Alfredo Chaves;ES;12
;Alto Rio Novo;ES;8
;Anchieta;ES;10
;Apiacá;ES;12
;Aracruz;ES;8
;Atílio Vivácqua;ES;10
;Baixo Guandu;ES;8
;Barra de São Francisco;ES;10
;Boa Esperança;ES;8
;Bom Jesus do Norte;ES;12
;Brejetuba;ES;10
;Cachoeiro de Itapemirim;ES;12
;Cariacica;ES;6
;Castelo;ES;12
;Colatina;ES;8
;Conceição da Barra;ES;6
;Conceição do Castelo;ES;12
;Divino de São Lourenço;ES;12
;Domingos Martins;ES;10
;Dores do Rio Preto;ES;14
;Ecoporanga;ES;10
;Fundão;ES;8
;Governador Lindenberg;ES;8
;Guarapari;ES;8
;Guaçuí;ES;14
;Ibatiba;ES;12
;Ibiraçu;ES;8
;Ibitirama;ES;12
;Iconha;ES;10
;Irupi;ES;12
;Itaguaçu;ES;6
;Itapemirim;ES;10
;Itarana;ES;6
;Iúna;ES;12
;Jaguaré;ES;6
;Jerônimo Monteiro;ES;12
;João Neiva;ES;8
;Laranja da Terra;ES;6
;Linhares;ES;8
;Mantenópolis;ES;8
;Marataízes;ES;8
;Marechal Floriano;ES;8
;Marilândia;ES;8
;Mimoso do Sul;ES;12
;Montanha;ES;6
;Mucurici;ES;6
;Muniz Freire;ES;12
;Muqui;ES;12
;Nova Venécia;ES;12
;Pancas;ES;8
;Pedro Canário;ES;4
;Pinheiros;ES;6
;Piúma;ES;8
;Ponto Belo;ES;6
;Presidente Kennedy;ES;10
;Rio Bananal;ES;8
;Rio Novo do Sul;ES;10
;Santa Leopoldina;ES;8
;Santa Maria de Jetibá;ES;8
;Santa Teresa;ES;8
;Serra;ES;8
;Sooretama;ES;6
;São Domingos do Norte;ES;8
;São Gabriel da Palha;ES;10
;São José do Calçado;ES;14
;São Mateus;ES;10
;São Roque do Canaã;ES;6
;Vargem Alta;ES;12
;Venda Nova do Imigrante;ES;10
;Viana;ES;6
;Vila Pavão;ES;12
;Vila Valério;ES;8
;Vila Velha;ES;6
;Vitória;ES;6
;Água Doce do Norte;ES;8
;Águia Branca;ES;10
;Abadia de Goiás;GO;14
;Abadiânia;GO;16
;Acreúna;GO;14
;Adelândia;GO;16
;Alexânia;GO;16
;Aloândia;GO;12
;Alto Horizonte;GO;16
;Alto Paraíso de Goiás;GO;14
;Alvorada do Norte;GO;18
;Amaralina;GO;18
;Americano do Brasil;GO;16
;Amorinópolis;GO;14
;Anhanguera;GO;12
;Anicuns;GO;18
;Anápolis;GO;16
;Aparecida de Goiânia;GO;14
;Aparecida do Rio Doce;GO;16
;Aporé;GO;18
;Aragarças;GO;16
;Aragoiânia;GO;14
;Araguapaz;GO;14
;Araçu;GO;14
;Arenópolis;GO;12
;Aruanã;GO;12
;Aurilândia;GO;14
;Avelinópolis;GO;14
;Baliza;GO;16
;Barro Alto;GO;16
;Bela Vista de Goiás;GO;14
;Bom Jardim de Goiás;GO;14
;Bom Jesus de Goiás;GO;14
;Bonfinópolis;GO;16
;Bonópolis;GO;16
;Brazabrantes;GO;16
;Britânia;GO;12
;Buriti Alegre;GO;18
;Buriti de Goiás;GO;12
;Buritinópolis;GO;16
;Cabeceiras;GO;12
;Cachoeira Alta;GO;14
;Cachoeira Dourada;GO;14
;Cachoeira de Goiás;GO;14
;Caiapônia;GO;18
;Caldas Novas;GO;16
;Caldazinha;GO;14
;Campestre de Goiás;GO;14
;Campinaçu;GO;16
;Campinorte;GO;16
;Campo Alegre de Goiás;GO;14
;Campo Limpo de Goiás;GO;16
;Campos Belos;GO;14
;Campos Verdes;GO;14
;Carmo do Rio Verde;GO;22
;Castelândia;GO;14
;Catalão;GO;14
;Caturaí;GO;14
;Cavalcante;GO;18
;Caçu;GO;16
;Ceres;GO;20
;Cezarina;GO;14
;Chapadão do Céu;GO;22
;Cidade Ocidental;GO;16
;Cocalzinho de Goiás;GO;16
;Colinas do Sul;GO;16
;Corumbaíba;GO;16
;Corumbá de Goiás;GO;16
;Cristalina;GO;14
;Cristianópolis;GO;14
;Crixás;GO;18
;Cromínia;GO;14
;Cumari;GO;12
;Córrego do Ouro;GO;14
;Damianópolis;GO;16
;Damolândia;GO;16
;Davinópolis;GO;14
;Diorama;GO;14
;Divinópolis de Goiás;GO;16
;Doverlândia;GO;20
;Edealina;GO;16
;Edeia;GO;16
;Estrela do Norte;GO;18
;Faina;GO;16
;Fazenda Nova;GO;14
;Firminópolis;GO;16
;Flores de Goiás;GO;16
;Formosa;GO;14
;Formoso;GO;16
;Gameleira de Goiás;GO;16
;Goiandira;GO;14
;Goianira;GO;14
;Goianápolis;GO;16
;Goianésia;GO;18
;Goiatuba;GO;16
;Goiás;GO;16
;Goiânia;GO;16
;Gouvelândia;GO;14
;Guapó;GO;14
;Guarani de Goiás;GO;18
;Guaraíta;GO;16
;Guarinos;GO;16
;Heitoraí;GO;16
;Hidrolina;GO;14
;Hidrolândia;GO;14
;Iaciara;GO;18
;Inaciolândia;GO;12
;Indiara;GO;14
;Inhumas;GO;16
;Ipameri;GO;16
;Ipiranga de Goiás;GO;18
;Iporá;GO;14
;Israelândia;GO;14
;Itaberaí;GO;14
;Itaguari;GO;14
;Itaguaru;GO;16
;Itajá;GO;16
;Itapaci;GO;16
;Itapirapuã;GO;14
;Itapuranga;GO;18
;Itarumã;GO;16
;Itauçu;GO;16
;Itumbiara;GO;16
;Ivolândia;GO;14
;Jandaia;GO;14
;Jaraguá;GO;20
;Jataí;GO;18
;Jaupaci;GO;14
;Jesúpolis;GO;16
;Joviânia;GO;14
;Jussara;GO;12
;Lagoa Santa;GO;16
;Leopoldo de Bulhões;GO;16
;Luziânia;GO;16
;Mairipotaba;GO;14
;Mambaí;GO;16
;Mara Rosa;GO;18
;Marzagão;GO;16
;Matrinchã;GO;14
;Maurilândia;GO;14
;Mimoso de Goiás;GO;16
;Minaçu;GO;18
;Mineiros;GO;22
;Moiporá;GO;14
;Monte Alegre de Goiás;GO;14
;Montes Claros de Goiás;GO;12
;Montividiu;GO;16
;Montividiu do Norte;GO;20
;Morrinhos;GO;18
;Morro Agudo de Goiás;GO;16
;Mossâmedes;GO;16
;Mozarlândia;GO;14
;Mundo Novo;GO;14
;Mutunópolis;GO;18
;Nazário;GO;16
;Nerópolis;GO;16
;Niquelândia;GO;18
;Nova América;GO;16
;Nova Aurora;GO;14
;Nova Crixás;GO;16
;Nova Glória;GO;16
;Nova Iguaçu de Goiás;GO;14
;Nova Roma;GO;12
;Nova Veneza;GO;16
;Novo Brasil;GO;12
;Novo Gama;GO;16
;Novo Planalto;GO;18
;Orizona;GO;14
;Ouro Verde de Goiás;GO;16
;Ouvidor;GO;14
;Padre Bernardo;GO;16
;Palestina de Goiás;GO;14
;Palmeiras de Goiás;GO;16
;Palmelo;GO;12
;Palminópolis;GO;16
;Panamá;GO;14
;Paranaiguara;GO;16
;Paraúna;GO;14
;Perolândia;GO;18
;Petrolina de Goiás;GO;18
;Pilar de Goiás;GO;16
;Piracanjuba;GO;14
;Piranhas;GO;14
;Pirenópolis;GO;18
;Pires do Rio;GO;14
;Planaltina;GO;14
;Pontalina;GO;16
;Porangatu;GO;20
;Porteirão;GO;16
;Portelândia;GO;16
;Posse;GO;18
;Professor Jamil;GO;14
;Quirinópolis;GO;16
;Rialma;GO;22
;Rianápolis;GO;22
;Rio Quente;GO;16
;Rio Verde;GO;18
;Rubiataba;GO;18
;Sanclerlândia;GO;14
;Santa Bárbara de Goiás;GO;14
;Santa Cruz de Goiás;GO;14
;Santa Fé de Goiás;GO;12
;Santa Helena de Goiás;GO;14
;Santa Isabel;GO;20
;Santa Rita do Araguaia;GO;20
;Santa Rita do Novo Destino;GO;16
;Santa Rosa de Goiás;GO;14
;Santa Tereza de Goiás;GO;18
;Santa Terezinha de Goiás;GO;16
;Santo Antônio da Barra;GO;12
;Santo Antônio de Goiás;GO;16
;Santo Antônio do Descoberto;GO;16
;Senador Canedo;GO;14
;Serranópolis;GO;20
;Silvânia;GO;16
;Simolândia;GO;18
;São Domingos;GO;16
;São Francisco de Goiás;GO;18
;São João da Paraúna;GO;14
;São João d’Aliança;GO;14
;São Luiz do Norte;GO;14
;São Luís de Montes Belos;GO;16
;São Miguel do Araguaia;GO;18
;São Miguel do Passa Quatro;GO;14
;São Patrício;GO;20
;São Simão;GO;14
;Sítio d’Abadia;GO;16
;Taquaral de Goiás;GO;14
;Teresina de Goiás;GO;10
;Terezópolis de Goiás;GO;16
;Trindade;GO;14
;Trombas;GO;18
;Três Ranchos;GO;12
;Turvelândia;GO;16
;Turvânia;GO;18
;Uirapuru;GO;14
;Uruana;GO;22
;Uruaçu;GO;16
;Urutaí;GO;12
;Valparaíso de Goiás;GO;16
;Varjão;GO;14
;Vianópolis;GO;14
;Vicentinópolis;GO;16
;Vila Boa;GO;14
;Vila Propício;GO;18
;Água Fria de Goiás;GO;16
;Água Limpa;GO;18
;Águas Lindas de Goiás;GO;14
;Afonso Cunha;MA;12
;Alcântara;MA;8
;Aldeias Altas;MA;12
;Altamira do Maranhão;MA;12
;Alto Alegre do Maranhão;MA;14
;Alto Alegre do Pindaré;MA;12
;Alto Parnaíba;MA;20
;Amapá do Maranhão;MA;6
;Amarante do Maranhão;MA;10
;Anajatuba;MA;18
;Anapurus;MA;14
;Apicum-Açu;MA;2
;Araguanã;MA;12
;Araioses;MA;6
;Arame;MA;8
;Arari;MA;18
;Axixá;MA;12
;Açailândia;MA;12
;Bacabal;MA;16
;Bacabeira;MA;16
;Bacuri;MA;4
;Bacurituba;MA;12
;Balsas;MA;22
;Barra do Corda;MA;8
;Barreirinhas;MA;8
;Barão de Grajaú;MA;10
;Bela Vista do Maranhão;MA;12
;Belágua;MA;6
;Benedito Leite;MA;12
;Bequimão;MA;8
;Bernardo do Mearim;MA;12
;Boa Vista do Gurupi;MA;10
;Bom Jardim;MA;12
;Bom Jesus das Selvas;MA;6
;Bom Lugar;MA;16
;Brejo;MA;20
;Brejo de Areia;MA;10
;Buriti;MA;20
;Buriti Bravo;MA;8
;Buriticupu;MA;10
;Buritirana;MA;12
;Cachoeira Grande;MA;12
;Cajapió;MA;18
;Cajari;MA;16
;Campestre do Maranhão;MA;12
;Cantanhede;MA;16
;Capinzal do Norte;MA;14
;Carolina;MA;18
;Carutapera;MA;6
;Caxias;MA;14
;Cedral;MA;2
;Central do Maranhão;MA;4
;Centro Novo do Maranhão;MA;16
;Centro do Guilherme;MA;14
;Chapadinha;MA;14
;Cidelândia;MA;14
;Codó;MA;14
;Coelho Neto;MA;16
;Colinas;MA;8
;Conceição do Lago-Açu;MA;16
;Coroatá;MA;14
;Cururupu;MA;2
;Cândido Mendes;MA;6
;Davinópolis;MA;12
;Dom Pedro;MA;10
;Duque Bacelar;MA;18
;Esperantinópolis;MA;10
;Estreito;MA;16
;Feira Nova do Maranhão;MA;14
;Fernando Falcão;MA;8
;Formosa da Serra Negra;MA;10
;Fortaleza dos Nogueiras;MA;10
;Fortuna;MA;10
;Godofredo Viana;MA;4
;Gonçalves Dias;MA;12
;Governador Archer;MA;12
;Governador Edison Lobão;MA;14
;Governador Eugênio Barros;MA;10
;Governador Luiz Rocha;MA;10
;Governador Newton Bello;MA;12
;Governador Nunes Freire;MA;8
;Grajaú;MA;8
;Graça Aranha;MA;8
;Guimarães;MA;2
;Humberto de Campos;MA;6
;Icatu;MA;10
;Igarapé Grande;MA;14
;Igarapé do Meio;MA;16
;Imperatriz;MA;14
;Itaipava do Grajaú;MA;6
;Itapecuru Mirim;MA;18
;Itinga do Maranhão;MA;10
;Jatobá;MA;8
;Jenipapo dos Vieiras;MA;6
;Joselândia;MA;10
;João Lisboa;MA;12
;Junco do Maranhão;MA;10
;Lago Verde;MA;14
;Lago da Pedra;MA;14
;Lago do Junco;MA;14
;Lago dos Rodrigues;MA;14
;Lagoa Grande do Maranhão;MA;8
;Lagoa do Mato;MA;8
;Lajeado Novo;MA;12
;Lima Campos;MA;12
;Loreto;MA;10
;Luís Domingues;MA;4
;Magalhães de Almeida;MA;10
;Maracaçumé;MA;10
;Marajá do Sena;MA;10
;Maranhãozinho;MA;12
;Mata Roma;MA;12
;Matinha;MA;16
;Matões;MA;10
;Matões do Norte;MA;16
;Milagres do Maranhão;MA;16
;Mirador;MA;8
;Miranda do Norte;MA;18
;Mirinzal;MA;4
;Montes Altos;MA;14
;Monção;MA;16
;Morros;MA;10
;Nina Rodrigues;MA;10
;Nova Colinas;MA;10
;Nova Iorque;MA;10
;Nova Olinda do Maranhão;MA;12
;Olho d’Água das Cunhãs;MA;16
;Olinda Nova do Maranhão;MA;14
;Palmeirândia;MA;10
;Paraibano;MA;10
;Parnarama;MA;10
;Passagem Franca;MA;10
;Pastos Bons;MA;10
;Paulino Neves;MA;6
;Paulo Ramos;MA;14
;Paço do Lumiar;MA;6
;Pedreiras;MA;12
;Pedro do Rosário;MA;12
;Penalva;MA;14
;Peri Mirim;MA;8
;Peritoró;MA;14
;Pindaré-Mirim;MA;14
;Pinheiro;MA;10
;Pio XII;MA;14
;Pirapemas;MA;14
;Porto Franco;MA;12
;Porto Rico do Maranhão;MA;2
;Poção de Pedras;MA;12
;Presidente Dutra;MA;10
;Presidente Juscelino;MA;12
;Presidente Médici;MA;8
;Presidente Sarney;MA;10
;Presidente Vargas;MA;12
;Primeira Cruz;MA;6
;Raposa;MA;6
;Riachão;MA;16
;Ribamar Fiquene;MA;14
;Rosário;MA;14
;Sambaíba;MA;10
;Santa Filomena do Maranhão;MA;8
;Santa Helena;MA;10
;Santa Inês;MA;12
;Santa Luzia;MA;12
;Santa Luzia do Paruá;MA;10
;Santa Quitéria do Maranhão;MA;16
;Santa Rita;MA;18
;Santana do Maranhão;MA;12
;Santo Amaro do Maranhão;MA;4
;Santo Antônio dos Lopes;MA;12
;Satubinha;MA;14
;Senador Alexandre Costa;MA;10
;Senador La Rocque;MA;12
;Serrano do Maranhão;MA;4
;Sucupira do Norte;MA;8
;Sucupira do Riachão;MA;10
;São Benedito do Rio Preto;MA;10
;São Bento;MA;12
;São Bernardo;MA;12
;São Domingos do Azeitão;MA;6
;São Domingos do Maranhão;MA;8
;São Francisco do Brejão;MA;12
;São Francisco do Maranhão;MA;8
;São Félix de Balsas;MA;10
;São José de Ribamar;MA;8
;São José dos Basílios;MA;10
;São João Batista;MA;18
;São João do Carú;MA;10
;São João do Paraíso;MA;14
;São João do Soter;MA;12
;São João dos Patos;MA;10
;São Luís;MA;12
;São Luís Gonzaga do Maranhão;MA;14
;São Mateus do Maranhão;MA;14
;São Pedro da Água Branca;MA;14
;São Pedro dos Crentes;MA;16
;São Raimundo das Mangabeiras;MA;10
;São Raimundo do Doca Bezerra;MA;6
;São Roberto;MA;6
;São Vicente Ferrer;MA;14
;Sítio Novo;MA;10
;Tasso Fragoso;MA;14
;Timbiras;MA;14
;Timon;MA;10
;Trizidela do Vale;MA;12
;Tufilândia;MA;12
;Tuntum;MA;8
;Turiaçu;MA;6
;Turilândia;MA;6
;Tutoia;MA;8
;Urbano Santos;MA;8
;Vargem Grande;MA;12
;Viana;MA;18
;Vila Nova dos Martírios;MA;14
;Vitorino Freire;MA;16
;Vitória do Mearim;MA;16
;Zé Doca;MA;12
;Água Doce do Maranhão;MA;4
;Abadia dos Dourados;MG;12
;Abaeté;MG;14
;Abre Campo;MG;10
;Acaiaca;MG;14
;Aguanil;MG;12
;Aimorés;MG;8
;Aiuruoca;MG;20
;Alagoa;MG;20
;Albertina;MG;14
;Alfenas;MG;10
;Alfredo Vasconcelos;MG;20
;Almenara;MG;8
;Alpercata;MG;10
;Alpinópolis;MG;14
;Alterosa;MG;12
;Alto Caparaó;MG;12
;Alto Jequitibá;MG;12
;Alto Rio Doce;MG;20
;Alvarenga;MG;8
;Alvinópolis;MG;18
;Alvorada de Minas;MG;14
;Além Paraíba;MG;20
;Amparo do Serra;MG;10
;Andradas;MG;14
;Andrelândia;MG;20
;Angelândia;MG;8
;Antônio Carlos;MG;26
;Antônio Dias;MG;16
;Antônio Prado de Minas;MG;14
;Aracitaba;MG;22
;Araguari;MG;14
;Arantina;MG;22
;Araponga;MG;10
;Araporã;MG;16
;Arapuá;MG;10
;Araxá;MG;14
;Araçaí;MG;10
;Araçuaí;MG;8
;Araújos;MG;12
;Arceburgo;MG;16
;Arcos;MG;14
;Areado;MG;10
;Argirita;MG;20
;Aricanduva;MG;8
;Arinos;MG;14
;Astolfo Dutra;MG;16
;Ataleia;MG;10
;Augusto de Lima;MG;10
;Açucena;MG;16
;Baependi;MG;16
;Baldim;MG;10
;Bambuí;MG;14
;Bandeira;MG;6
;Bandeira do Sul;MG;12
;Barbacena;MG;20
;Barra Longa;MG;18
;Barroso;MG;18
;Barão de Cocais;MG;14
;Barão de Monte Alto;MG;16
;Bela Vista de Minas;MG;16
;Belmiro Braga;MG;30
;Belo Horizonte;MG;14
;Belo Oriente;MG;12
;Belo Vale;MG;16
;Berilo;MG;6
;Berizal;MG;6
;Bertópolis;MG;6
;Betim;MG;12
;Bias Fortes;MG;28
;Bicas;MG;24
;Biquinhas;MG;12
;Boa Esperança;MG;12
;Bocaina de Minas;MG;28
;Bocaiúva;MG;10
;Bom Despacho;MG;14
;Bom Jardim de Minas;MG;26
;Bom Jesus da Penha;MG;16
;Bom Jesus do Amparo;MG;14
;Bom Jesus do Galho;MG;12
;Bom Repouso;MG;14
;Bom Sucesso;MG;10
;Bonfim;MG;12
;Bonfinópolis de Minas;MG;12
;Bonito de Minas;MG;10
;Borda da Mata;MG;14
;Botelhos;MG;12
;Botumirim;MG;8
;Brasilândia de Minas;MG;12
;Brasília de Minas;MG;10
;Brazópolis;MG;14
;Braúnas;MG;16
;Brumadinho;MG;14
;Brás Pires;MG;18
;Bueno Brandão;MG;14
;Buenópolis;MG;10
;Bugre;MG;10
;Buritis;MG;16
;Buritizeiro;MG;14
;Cabeceira Grande;MG;14
;Cabo Verde;MG;12
;Cachoeira Dourada;MG;16
;Cachoeira da Prata;MG;10
;Cachoeira de Minas;MG;12
;Cachoeira de Pajeú;MG;8
;Caetanópolis;MG;10
;Caeté;MG;14
;Caiana;MG;14
;Cajuri;MG;12
;Caldas;MG;14
;Camacho;MG;12
;Camanducaia;MG;18
;Cambuquira;MG;12
;Cambuí;MG;14
;Campanha;MG;12
;Campanário;MG;10
;Campestre;MG;12
;Campina Verde;MG;20
;Campo Azul;MG;10
;Campo Belo;MG;12
;Campo Florido;MG;16
;Campo do Meio;MG;10
;Campos Altos;MG;14
;Campos Gerais;MG;10
;Cana Verde;MG;12
;Canaã;MG;10
;Candeias;MG;12
;Cantagalo;MG;12
;Canápolis;MG;18
;Caparaó;MG;12
;Capela Nova;MG;20
;Capelinha;MG;8
;Capetinga;MG;14
;Capim Branco;MG;10
;Capinópolis;MG;14
;Capitão Andrade;MG;8
;Capitão Enéas;MG;8
;Capitólio;MG;14
;Caputira;MG;10
;Caranaíba;MG;20
;Carandaí;MG;20
;Carangola;MG;14
;Caratinga;MG;12
;Caraí;MG;6
;Carbonita;MG;8
;Careaçu;MG;12
;Carlos Chagas;MG;8
;Carmo da Cachoeira;MG;14
;Carmo da Mata;MG;10
;Carmo de Minas;MG;10
;Carmo do Cajuru;MG;10
;Carmo do Paranaíba;MG;14
;Carmo do Rio Claro;MG;12
;Carmésia;MG;16
;Carmópolis de Minas;MG;10
;Carneirinho;MG;16
;Carrancas;MG;12
;Carvalhos;MG;22
;Carvalhópolis;MG;12
;Casa Grande;MG;16
;Cascalho Rico;MG;12
;Cataguases;MG;18
;Catas Altas;MG;18
;Catas Altas da Noruega;MG;18
;Catuji;MG;6
;Catuti;MG;10
;Caxambu;MG;12
;Cedro do Abaeté;MG;12
;Central de Minas;MG;8
;Centralina;MG;18
;Chalé;MG;12
;Chapada Gaúcha;MG;14
;Chapada do Norte;MG;6
;Chiador;MG;22
;Chácara;MG;28
;Cipotânea;MG;18
;Claraval;MG;12
;Claro dos Poções;MG;8
;Cláudio;MG;10
;Coimbra;MG;12
;Coluna;MG;12
;Comendador Gomes;MG;20
;Comercinho;MG;6
;Conceição da Aparecida;MG;12
;Conceição da Barra de Minas;MG;12
;Conceição das Alagoas;MG;16
;Conceição das Pedras;MG;10
;Conceição de Ipanema;MG;12
;Conceição do Mato Dentro;MG;16
;Conceição do Pará;MG;10
;Conceição do Rio Verde;MG;12
;Conceição dos Ouros;MG;12
;Confins;MG;10
;Congonhal;MG;14
;Congonhas;MG;18
;Congonhas do Norte;MG;12
;Conquista;MG;14
;Conselheiro Lafaiete;MG;20
;Conselheiro Pena;MG;8
;Consolação;MG;14
;Contagem;MG;12
;Coqueiral;MG;12
;Coração de Jesus;MG;10
;Cordisburgo;MG;10
;Cordislândia;MG;12
;Corinto;MG;10
;Coroaci;MG;14
;Coromandel;MG;12
;Coronel Fabriciano;MG;14
;Coronel Murta;MG;8
;Coronel Pacheco;MG;28
;Coronel Xavier Chaves;MG;16
;Couto de Magalhães de Minas;MG;12
;Cristais;MG;12
;Cristiano Otoni;MG;18
;Cristina;MG;10
;Cristália;MG;8
;Crisólita;MG;8
;Crucilândia;MG;12
;Cruzeiro da Fortaleza;MG;14
;Cruzília;MG;14
;Cuparaque;MG;8
;Curral de Dentro;MG;6
;Curvelo;MG;10
;Cássia;MG;16
;Córrego Danta;MG;12
;Córrego Fundo;MG;14
;Córrego Novo;MG;12
;Córrego do Bom Jesus;MG;14
;Cônego Marinho;MG;10
;Datas;MG;12
;Delfim Moreira;MG;14
;Delfinópolis;MG;18
;Delta;MG;16
;Descoberto;MG;18
;Desterro de Entre Rios;MG;14
;Desterro do Melo;MG;20
;Diamantina;MG;10
;Diogo de Vasconcelos;MG;16
;Dionísio;MG;16
;Divino;MG;12
;Divino das Laranjeiras;MG;10
;Divinolândia de Minas;MG;16
;Divinésia;MG;14
;Divinópolis;MG;12
;Divisa Alegre;MG;6
;Divisa Nova;MG;10
;Divisópolis;MG;6
;Dom Bosco;MG;10
;Dom Cavati;MG;8
;Dom Joaquim;MG;16
;Dom Silvério;MG;18
;Dom Viçoso;MG;12
;Dona Euzébia;MG;16
;Dores de Campos;MG;18
;Dores de Guanhães;MG;16
;Dores do Indaiá;MG;14
;Dores do Turvo;MG;16
;Doresópolis;MG;14
;Douradoquara;MG;12
;Durandé;MG;12
;Elói Mendes;MG;12
;Engenheiro Caldas;MG;10
;Engenheiro Navarro;MG;8
;Entre Folhas;MG;10
;Entre Rios de Minas;MG;16
;Ervália;MG;12
;Esmeraldas;MG;10
;Espera Feliz;MG;14
;Espinosa;MG;8
;Espírito Santo do Dourado;MG;14
;Estiva;MG;12
;Estrela Dalva;MG;18
;Estrela do Indaiá;MG;12
;Estrela do Sul;MG;10
;Eugenópolis;MG;14
;Ewbank da Câmara;MG;30
;Extrema;MG;16
;Fama;MG;10
;Faria Lemos;MG;14
;Felisburgo;MG;6
;Felixlândia;MG;10
;Felício dos Santos;MG;12
;Fernandes Tourinho;MG;10
;Ferros;MG;16
;Fervedouro;MG;10
;Florestal;MG;10
;Formiga;MG;14
;Formoso;MG;16
;Fortaleza de Minas;MG;14
;Fortuna de Minas;MG;10
;Francisco Badaró;MG;6
;Francisco Dumont;MG;10
;Francisco Sá;MG;8
;Franciscópolis;MG;8
;Frei Gaspar;MG;10
;Frei Inocêncio;MG;10
;Frei Lagonegro;MG;10
;Fronteira;MG;18
;Fronteira dos Vales;MG;6
;Fruta de Leite;MG;8
;Frutal;MG;20
;Funilândia;MG;10
;Galileia;MG;8
;Gameleiras;MG;10
;Glaucilândia;MG;8
;Goiabeira;MG;8
;Goianá;MG;24
;Gonzaga;MG;16
;Gonçalves;MG;16
;Gouveia;MG;12
;Governador Valadares;MG;14
;Grupiara;MG;12
;Grão Mogol;MG;8
;Guanhães;MG;16
;Guapé;MG;12
;Guaraciaba;MG;14
;Guaraciama;MG;8
;Guarani;MG;18
;Guaranésia;MG;16
;Guarará;MG;24
;Guarda-Mor;MG;14
;Guaxupé;MG;14
;Guidoval;MG;14
;Guimarânia;MG;14
;Guiricema;MG;12
;Gurinhatã;MG;16
;Heliodora;MG;10
;Iapu;MG;10
;Ibertioga;MG;22
;Ibiaí;MG;12
;Ibiracatu;MG;8
;Ibiraci;MG;14
;Ibirité;MG;12
;Ibitiúra de Minas;MG;14
;Ibituruna;MG;10
;Ibiá;MG;14
;Icaraí de Minas;MG;10
;Igarapé;MG;10
;Igaratinga;MG;10
;Iguatama;MG;14
;Ijaci;MG;12
;Ilicínea;MG;12
;Imbé de Minas;MG;8
;Inconfidentes;MG;14
;Indaiabira;MG;6
;Indianópolis;MG;10
;Ingaí;MG;14
;Inhapim;MG;8
;Inhaúma;MG;10
;Inimutaba;MG;10
;Ipaba;MG;10
;Ipanema;MG;10
;Ipatinga;MG;12
;Ipiaçu;MG;14
;Ipuiúna;MG;14
;Iraí de Minas;MG;12
;Itabira;MG;16
;Itabirinha;MG;10
;Itabirito;MG;16
;Itacambira;MG;8
;Itacarambi;MG;10
;Itaguara;MG;12
;Itaipé;MG;8
;Itajubá;MG;12
;Itamarandiba;MG;12
;Itamarati de Minas;MG;18
;Itambacuri;MG;10
;Itambé do Mato Dentro;MG;16
;Itamogi;MG;16
;Itamonte;MG;20
;Itanhandu;MG;16
;Itanhomi;MG;8
;Itaobim;MG;6
;Itapagipe;MG;20
;Itapecerica;MG;14
;Itapeva;MG;16
;Itatiaiuçu;MG;10
;Itaverava;MG;20
;Itaú de Minas;MG;14
;Itaúna;MG;10
;Itinga;MG;8
;Itueta;MG;8
;Ituiutaba;MG;18
;Itumirim;MG;12
;Iturama;MG;16
;Itutinga;MG;12
;Jaboticatubas;MG;14
;Jacinto;MG;8
;Jacutinga;MG;14
;Jacuí;MG;16
;Jaguaraçu;MG;14
;Jampruca;MG;10
;Janaúba;MG;10
;Januária;MG;12
;Japaraíba;MG;14
;Japonvar;MG;8
;Jaíba;MG;10
;Jeceaba;MG;16
;Jenipapo de Minas;MG;6
;Jequeri;MG;10
;Jequitaí;MG;10
;Jequitibá;MG;10
;Jequitinhonha;MG;6
;Jesuânia;MG;10
;Joanésia;MG;14
;Joaquim Felício;MG;10
;Joaíma;MG;6
;Jordânia;MG;6
;Josenópolis;MG;8
;José Gonçalves de Minas;MG;6
;José Raydan;MG;10
;João Monlevade;MG;16
;João Pinheiro;MG;14
;Juatuba;MG;10
;Juiz de Fora;MG;30
;Juramento;MG;8
;Juruaia;MG;14
;Juvenília;MG;10
;Ladainha;MG;8
;Lagamar;MG;12
;Lagoa Dourada;MG;16
;Lagoa Formosa;MG;14
;Lagoa Grande;MG;10
;Lagoa Santa;MG;10
;Lagoa da Prata;MG;14
;Lagoa dos Patos;MG;12
;Lajinha;MG;12
;Lambari;MG;10
;Lamim;MG;18
;Laranjal;MG;16
;Lassance;MG;10
;Lavras;MG;14
;Leandro Ferreira;MG;12
;Leme do Prado;MG;6
;Leopoldina;MG;20
;Liberdade;MG;26
;Lima Duarte;MG;30
;Limeira do Oeste;MG;12
;Lontra;MG;8
;Luisburgo;MG;12
;Luislândia;MG;10
;Luminárias;MG;14
;Luz;MG;14
;Machacalis;MG;8
;Machado;MG;12
;Madre de Deus de Minas;MG;14
;Malacacheta;MG;8
;Mamonas;MG;8
;Manga;MG;10
;Manhuaçu;MG;12
;Manhumirim;MG;12
;Mantena;MG;8
;Mar de Espanha;MG;24
;Maravilhas;MG;10
;Maria da Fé;MG;12
;Mariana;MG;18
;Marilac;MG;12
;Maripá de Minas;MG;22
;Marliéria;MG;14
;Marmelópolis;MG;14
;Martinho Campos;MG;14
;Martins Soares;MG;12
;Mata Verde;MG;6
;Materlândia;MG;14
;Mateus Leme;MG;10
;Mathias Lobato;MG;10
;Matias Barbosa;MG;30
;Matias Cardoso;MG;8
;Matipó;MG;10
;Mato Verde;MG;10
;Matozinhos;MG;10
;Matutina;MG;10
;Medeiros;MG;14
;Medina;MG;6
;Mendes Pimentel;MG;8
;Mercês;MG;20
;Mesquita;MG;14
;Minas Novas;MG;6
;Minduri;MG;14
;Mirabela;MG;8
;Miradouro;MG;12
;Miravânia;MG;10
;Miraí;MG;14
;Moeda;MG;16
;Moema;MG;12
;Monjolos;MG;10
;Monsenhor Paulo;MG;12
;Montalvânia;MG;8
;Monte Alegre de Minas;MG;20
;Monte Azul;MG;10
;Monte Belo;MG;12
;Monte Carmelo;MG;12
;Monte Formoso;MG;6
;Monte Santo de Minas;MG;16
;Monte Sião;MG;14
;Montes Claros;MG;8
;Montezuma;MG;6
;Morada Nova de Minas;MG;14
;Morro da Garça;MG;10
;Morro do Pilar;MG;14
;Munhoz;MG;14
;Muriaé;MG;16
;Mutum;MG;12
;Muzambinho;MG;14
;Mário Campos;MG;12
;Nacip Raydan;MG;12
;Nanuque;MG;6
;Naque;MG;10
;Natalândia;MG;12
;Natércia;MG;10
;Nazareno;MG;10
;Nepomuceno;MG;14
;Ninheira;MG;4
;Nova Belém;MG;8
;Nova Era;MG;16
;Nova Lima;MG;14
;Nova Módica;MG;10
;Nova Ponte;MG;14
;Nova Porteirinha;MG;8
;Nova Resende;MG;14
;Nova Serrana;MG;10
;Nova União;MG;12
;Novo Cruzeiro;MG;8
;Novo Oriente de Minas;MG;6
;Novorizonte;MG;6
;Olaria;MG;28
;Olhos-d’Água;MG;10
;Oliveira;MG;12
;Oliveira Fortes;MG;20
;Olímpio Noronha;MG;10
;Onça de Pitangui;MG;10
;Oratórios;MG;10
;Orizânia;MG;10
;Ouro Branco;MG;20
;Ouro Fino;MG;14
;Ouro Preto;MG;18
;Ouro Verde de Minas;MG;10
;Padre Carvalho;MG;6
;Padre Paraíso;MG;6
;Pai Pedro;MG;10
;Paineiras;MG;12
;Pains;MG;14
;Paiva;MG;20
;Palma;MG;18
;Palmópolis;MG;6
;Papagaios;MG;10
;Paracatu;MG;14
;Paraguaçu;MG;10
;Paraisópolis;MG;16
;Paraopeba;MG;10
;Pará de Minas;MG;10
;Passa Quatro;MG;16
;Passa Tempo;MG;14
;Passa Vinte;MG;30
;Passabém;MG;16
;Passos;MG;16
;Patis;MG;8
;Patos de Minas;MG;14
;Patrocínio;MG;14
;Patrocínio do Muriaé;MG;14
;Paula Cândido;MG;14
;Paulistas;MG;14
;Pavão;MG;8
;Pedra Azul;MG;8
;Pedra Bonita;MG;10
;Pedra Dourada;MG;12
;Pedra do Anta;MG;10
;Pedra do Indaiá;MG;14
;Pedralva;MG;10
;Pedras de Maria da Cruz;MG;10
;Pedrinópolis;MG;12
;Pedro Leopoldo;MG;10
;Pedro Teixeira;MG;30
;Pequeri;MG;24
;Pequi;MG;10
;Perdigão;MG;10
;Perdizes;MG;16
;Perdões;MG;12
;Periquito;MG;12
;Pescador;MG;10
;Peçanha;MG;14
;Piau;MG;28
;Piedade de Caratinga;MG;8
;Piedade de Ponte Nova;MG;12
;Piedade do Rio Grande;MG;16
;Piedade dos Gerais;MG;14
;Pimenta;MG;14
;Pingo-d’Água;MG;12
;Pintópolis;MG;12
;Piracema;MG;14
;Pirajuba;MG;16
;Piranga;MG;18
;Piranguinho;MG;12
;Piranguçu;MG;14
;Pirapetinga;MG;18
;Pirapora;MG;12
;Piraúba;MG;16
;Pitangui;MG;10
;Piumhi;MG;12
;Planura;MG;16
;Pocrane;MG;8
;Pompéu;MG;10
;Ponte Nova;MG;14
;Ponto Chique;MG;12
;Ponto dos Volantes;MG;6
;Porteirinha;MG;10
;Porto Firme;MG;14
;Poté;MG;8
;Pouso Alegre;MG;14
;Pouso Alto;MG;14
;Poço Fundo;MG;12
;Poços de Caldas;MG;14
;Prados;MG;16
;Prata;MG;20
;Pratinha;MG;14
;Pratápolis;MG;14
;Presidente Bernardes;MG;16
;Presidente Juscelino;MG;10
;Presidente Kubitschek;MG;12
;Presidente Olegário;MG;14
;Prudente de Morais;MG;10
;Quartel Geral;MG;14
;Queluzito;MG;18
;Raposos;MG;14
;Raul Soares;MG;12
;Recreio;MG;18
;Reduto;MG;12
;Resende Costa;MG;14
;Resplendor;MG;8
;Ressaquinha;MG;20
;Riachinho;MG;12
;Riacho dos Machados;MG;8
;Ribeirão Vermelho;MG;12
;Ribeirão das Neves;MG;12
;Rio Acima;MG;16
;Rio Casca;MG;14
;Rio Doce;MG;16
;Rio Espera;MG;18
;Rio Manso;MG;12
;Rio Novo;MG;22
;Rio Paranaíba;MG;12
;Rio Pardo de Minas;MG;8
;Rio Piracicaba;MG;18
;Rio Pomba;MG;18
;Rio Preto;MG;30
;Rio Vermelho;MG;14
;Rio do Prado;MG;6
;Ritápolis;MG;14
;Rochedo de Minas;MG;22
;Rodeiro;MG;14
;Romaria;MG;12
;Rosário da Limeira;MG;12
;Rubelita;MG;8
;Rubim;MG;8
;Sabará;MG;14
;Sabinópolis;MG;14
;Sacramento;MG;18
;Salinas;MG;6
;Salto da Divisa;MG;6
;Santa Bárbara;MG;18
;Santa Bárbara do Leste;MG;8
;Santa Bárbara do Monte Verde;MG;30
;Santa Bárbara do Tugúrio;MG;20
;Santa Cruz de Minas;MG;14
;Santa Cruz de Salinas;MG;6
;Santa Cruz do Escalvado;MG;14
;Santa Efigênia de Minas;MG;16
;Santa Fé de Minas;MG;12
;Santa Helena de Minas;MG;6
;Santa Juliana;MG;14
;Santa Luzia;MG;12
;Santa Margarida;MG;10
;Santa Maria de Itabira;MG;16
;Santa Maria do Salto;MG;6
;Santa Maria do Suaçuí;MG;10
;Santa Rita de Caldas;MG;14
;Santa Rita de Ibitipoca;MG;24
;Santa Rita de Jacutinga;MG;30
;Santa Rita de Minas;MG;8
;Santa Rita do Itueto;MG;8
;Santa Rita do Sapucaí;MG;12
;Santa Rosa da Serra;MG;12
;Santa Vitória;MG;14
;Santana da Vargem;MG;12
;Santana de Cataguases;MG;16
;Santana de Pirapama;MG;12
;Santana do Deserto;MG;26
;Santana do Garambéu;MG;22
;Santana do Jacaré;MG;12
;Santana do Manhuaçu;MG;12
;Santana do Paraíso;MG;12
;Santana do Riacho;MG;12
;Santana dos Montes;MG;20
;Santo Antônio do Amparo;MG;10
;Santo Antônio do Aventureiro;MG;20
;Santo Antônio do Grama;MG;10
;Santo Antônio do Itambé;MG;14
;Santo Antônio do Jacinto;MG;8
;Santo Antônio do Monte;MG;14
;Santo Antônio do Retiro;MG;6
;Santo Antônio do Rio Abaixo;MG;16
;Santo Hipólito;MG;10
;Santos Dumont;MG;28
;Sapucaí-Mirim;MG;18
;Sardoá;MG;14
;Sarzedo;MG;12
;Sem-Peixe;MG;16
;Senador Amaral;MG;14
;Senador Cortes;MG;22
;Senador Firmino;MG;16
;Senador José Bento;MG;14
;Senador Modestino Gonçalves;MG;10
;Senhora de Oliveira;MG;18
;Senhora do Porto;MG;16
;Senhora dos Remédios;MG;20
;Sericita;MG;10
;Seritinga;MG;20
;Serra Azul de Minas;MG;14
;Serra da Saudade;MG;12
;Serra do Salitre;MG;12
;Serra dos Aimorés;MG;6
;Serrania;MG;10
;Serranos;MG;18
;Serranópolis de Minas;MG;8
;Serro;MG;14
;Sete Lagoas;MG;10
;Setubinha;MG;8
;Silveirânia;MG;18
;Silvianópolis;MG;14
;Simonésia;MG;10
;Simão Pereira;MG;28
;Sobrália;MG;10
;Soledade de Minas;MG;12
;São Bento Abade;MG;14
;São Brás do Suaçuí;MG;16
;São Domingos das Dores;MG;8
;São Domingos do Prata;MG;18
;São Francisco;MG;12
;São Francisco de Paula;MG;12
;São Francisco de Sales;MG;16
;São Francisco do Glória;MG;12
;São Félix de Minas;MG;10
;São Geraldo;MG;14
;São Geraldo da Piedade;MG;14
;São Geraldo do Baixio;MG;8
;São Gonçalo do Abaeté;MG;16
;São Gonçalo do Pará;MG;10
;São Gonçalo do Rio Abaixo;MG;16
;São Gonçalo do Rio Preto;MG;10
;São Gonçalo do Sapucaí;MG;12
;São Gotardo;MG;12
;São Joaquim de Bicas;MG;12
;São José da Barra;MG;12
;São José da Lapa;MG;10
;São José da Safira;MG;10
;São José da Varginha;MG;10
;São José do Alegre;MG;12
;São José do Divino;MG;10
;São José do Goiabal;MG;14
;São José do Jacuri;MG;12
;São José do Mantimento;MG;12
;São João Batista do Glória;MG;16
;São João Evangelista;MG;14
;São João Nepomuceno;MG;24
;São João da Lagoa;MG;10
;São João da Mata;MG;14
;São João da Ponte;MG;8
;São João das Missões;MG;10
;São João del Rei;MG;16
;São João do Manhuaçu;MG;12
;São João do Manteninha;MG;8
;São João do Oriente;MG;8
;São João do Pacuí;MG;10
;São João do Paraíso;MG;6
;São Lourenço;MG;12
;São Miguel do Anta;MG;10
;São Pedro da União;MG;14
;São Pedro do Suaçuí;MG;12
;São Pedro dos Ferros;MG;12
;São Romão;MG;10
;São Roque de Minas;MG;18
;São Sebastião da Bela Vista;MG;12
;São Sebastião da Vargem Alegre;MG;12
;São Sebastião do Anta;MG;8
;São Sebastião do Maranhão;MG;10
;São Sebastião do Oeste;MG;12
;São Sebastião do Paraíso;MG;16
;São Sebastião do Rio Preto;MG;16
;São Sebastião do Rio Verde;MG;12
;São Tiago;MG;12
;São Tomás de Aquino;MG;16
;São Tomé das Letras;MG;14
;São Vicente de Minas;MG;14
;Tabuleiro;MG;22
;Taiobeiras;MG;6
;Taparuba;MG;10
;Tapira;MG;16
;Tapiraí;MG;14
;Taquaraçu de Minas;MG;12
;Tarumirim;MG;8
;Teixeiras;MG;12
;Teófilo Otoni;MG;10
;Timóteo;MG;14
;Tiradentes;MG;16
;Tiros;MG;14
;Tocantins;MG;16
;Tocos do Moji;MG;12
;Toledo;MG;14
;Tombos;MG;14
;Três Corações;MG;14
;Três Marias;MG;14
;Três Pontas;MG;14
;Tumiritinga;MG;8
;Tupaciguara;MG;18
;Turmalina;MG;8
;Turvolândia;MG;12
;Ubaporanga;MG;8
;Ubaí;MG;10
;Uberaba;MG;16
;Uberlândia;MG;20
;Ubá;MG;14
;Umburatiba;MG;8
;Unaí;MG;14
;União de Minas;MG;14
;Uruana de Minas;MG;10
;Urucuia;MG;14
;Urucânia;MG;12
;Vargem Alegre;MG;12
;Vargem Bonita;MG;16
;Vargem Grande do Rio Pardo;MG;6
;Varginha;MG;14
;Varjão de Minas;MG;16
;Varzelândia;MG;8
;Vazante;MG;12
;Verdelândia;MG;10
;Veredinha;MG;8
;Vermelho Novo;MG;10
;Veríssimo;MG;16
;Vespasiano;MG;12
;Vieiras;MG;12
;Virgem da Lapa;MG;8
;Virginópolis;MG;16
;Virgolândia;MG;12
;Virgínia;MG;14
;Visconde do Rio Branco;MG;14
;Viçosa;MG;12
;Volta Grande;MG;18
;Várzea da Palma;MG;10
;Wenceslau Braz;MG;14
;Água Boa;MG;10
;Água Comprida;MG;16
;Águas Formosas;MG;8
;Águas Vermelhas;MG;6
;Alcinópolis;MS;24
;Amambai;MS;24
;Anastácio;MS;22
;Anaurilândia;MS;24
;Angélica;MS;22
;Antônio João;MS;24
;Aparecida do Taboado;MS;18
;Aquidauana;MS;24
;Aral Moreira;MS;26
;Bandeirantes;MS;20
;Bataguassu;MS;24
;Batayporã;MS;22
;Bela Vista;MS;30
;Bodoquena;MS;22
;Bonito;MS;22
;Brasilândia;MS;26
;Caarapó;MS;24
;Camapuã;MS;22
;Campo Grande;MS;30
;Caracol;MS;26
;Cassilândia;MS;20
;Chapadão do Sul;MS;24
;Corguinho;MS;18
;Coronel Sapucaia;MS;24
;Corumbá;MS;26
;Costa Rica;MS;24
;Coxim;MS;22
;Deodápolis;MS;22
;Dois Irmãos do Buriti;MS;20
;Douradina;MS;20
;Dourados;MS;24
;Eldorado;MS;22
;Figueirão;MS;24
;Fátima do Sul;MS;24
;Glória de Dourados;MS;22
;Guia Lopes da Laguna;MS;22
;Iguatemi;MS;24
;Inocência;MS;20
;Itaporã;MS;20
;Itaquiraí;MS;24
;Ivinhema;MS;24
;Japorã;MS;24
;Jaraguari;MS;24
;Jardim;MS;22
;Jateí;MS;22
;Juti;MS;22
;Ladário;MS;16
;Laguna Carapã;MS;24
;Maracaju;MS;24
;Miranda;MS;20
;Mundo Novo;MS;20
;Naviraí;MS;24
;Nioaque;MS;24
;Nova Alvorada do Sul;MS;28
;Nova Andradina;MS;26
;Novo Horizonte do Sul;MS;22
;Paranaíba;MS;18
;Paranhos;MS;22
;Paraíso das Águas;MS;24
;Pedro Gomes;MS;24
;Ponta Porã;MS;26
;Porto Murtinho;MS;26
;Ribas do Rio Pardo;MS;28
;Rio Brilhante;MS;26
;Rio Negro;MS;20
;Rio Verde de Mato Grosso;MS;24
;Rochedo;MS;20
;Santa Rita do Pardo;MS;28
;Selvíria;MS;20
;Sete Quedas;MS;26
;Sidrolândia;MS;24
;Sonora;MS;24
;São Gabriel do Oeste;MS;22
;Tacuru;MS;24
;Taquarussu;MS;22
;Terenos;MS;20
;Três Lagoas;MS;22
;Vicentina;MS;22
;Água Clara;MS;26
;Acorizal;MT;20
;Alta Floresta;MT;22
;Alto Araguaia;MT;24
;Alto Boa Vista;MT;20
;Alto Garças;MT;20
;Alto Paraguai;MT;18
;Alto Taquari;MT;22
;Apiacás;MT;24
;Araguaiana;MT;14
;Araguainha;MT;20
;Araputanga;MT;20
;Arenápolis;MT;18
;Aripuanã;MT;22
;Barra do Bugres;MT;20
;Barra do Garças;MT;16
;Barão de Melgaço;MT;22
;Bom Jesus do Araguaia;MT;18
;Brasnorte;MT;14
;Campinápolis;MT;18
;Campo Novo do Parecis;MT;16
;Campo Verde;MT;26
;Campos de Júlio;MT;18
;Canabrava do Norte;MT;16
;Canarana;MT;18
;Carlinda;MT;18
;Castanheira;MT;14
;Chapada dos Guimarães;MT;20
;Cláudia;MT;18
;Cocalinho;MT;14
;Colniza;MT;18
;Colíder;MT;16
;Comodoro;MT;20
;Confresa;MT;18
;Conquista D’Oeste;MT;16
;Cotriguaçu;MT;22
;Cuiabá;MT;28
;Curvelândia;MT;16
;Cáceres;MT;20
;Denise;MT;18
;Diamantino;MT;16
;Dom Aquino;MT;20
;Feliz Natal;MT;16
;Figueirópolis D’Oeste;MT;18
;Gaúcha do Norte;MT;18
;General Carneiro;MT;20
;Glória D’Oeste;MT;14
;Guarantã do Norte;MT;22
;Guiratinga;MT;18
;Indiavaí;MT;20
;Ipiranga do Norte;MT;18
;Itanhangá;MT;18
;Itaúba;MT;16
;Itiquira;MT;24
;Jaciara;MT;26
;Jangada;MT;18
;Jauru;MT;20
;Juara;MT;14
;Juruena;MT;14
;Juscimeira;MT;26
;Juína;MT;16
;Lambari d’Oeste;MT;18
;Lucas do Rio Verde;MT;16
;Luciara;MT;18
;Marcelândia;MT;20
;Matupá;MT;22
;Mirassol d’Oeste;MT;18
;Nobres;MT;18
;Nortelândia;MT;18
;Nossa Senhora do Livramento;MT;22
;Nova Bandeirantes;MT;20
;Nova Brasilândia;MT;16
;Nova Canaã do Norte;MT;18
;Nova Guarita;MT;16
;Nova Lacerda;MT;18
;Nova Marilândia;MT;18
;Nova Maringá;MT;16
;Nova Monte Verde;MT;16
;Nova Mutum;MT;18
;Nova Nazaré;MT;14
;Nova Olímpia;MT;18
;Nova Santa Helena;MT;18
;Nova Ubiratã;MT;16
;Nova Xavantina;MT;14
;Novo Horizonte do Norte;MT;12
;Novo Mundo;MT;26
;Novo Santo Antônio;MT;14
;Novo São Joaquim;MT;16
;Paranatinga;MT;16
;Paranaíta;MT;22
;Pedra Preta;MT;18
;Peixoto de Azevedo;MT;22
;Planalto da Serra;MT;14
;Poconé;MT;20
;Pontal do Araguaia;MT;16
;Ponte Branca;MT;20
;Pontes e Lacerda;MT;20
;Porto Alegre do Norte;MT;18
;Porto Esperidião;MT;16
;Porto Estrela;MT;16
;Porto dos Gaúchos;MT;18
;Poxoréu;MT;20
;Primavera do Leste;MT;18
;Querência;MT;22
;Reserva do Cabaçal;MT;20
;Ribeirão Cascalheira;MT;16
;Ribeirãozinho;MT;18
;Rio Branco;MT;20
;Rondolândia;MT;14
;Rondonópolis;MT;20
;Rosário Oeste;MT;18
;Salto do Céu;MT;20
;Santa Carmem;MT;16
;Santa Cruz do Xingu;MT;22
;Santa Rita do Trivelato;MT;18
;Santa Terezinha;MT;22
;Santo Afonso;MT;18
;Santo Antônio do Leste;MT;16
;Santo Antônio do Leverger;MT;28
;Sapezal;MT;16
;Serra Nova Dourada;MT;14
;Sinop;MT;18
;Sorriso;MT;18
;São Félix do Araguaia;MT;22
;São José do Povo;MT;16
;São José do Rio Claro;MT;14
;São José do Xingu;MT;24
;São José dos Quatro Marcos;MT;18
;São Pedro da Cipa;MT;20
;Tabaporã;MT;16
;Tangará da Serra;MT;20
;Tapurah;MT;18
;Terra Nova do Norte;MT;18
;Tesouro;MT;20
;Torixoréu;MT;18
;União do Sul;MT;16
;Vale de São Domingos;MT;20
;Vera;MT;18
;Vila Bela da Santíssima Trindade;MT;18
;Vila Rica;MT;22
;Várzea Grande;MT;22
;Água Boa;MT;18
;Abaetetuba;PA;24
;Abel Figueiredo;PA;14
;Acará;PA;24
;Afuá;PA;20
;Alenquer;PA;16
;Almeirim;PA;14
;Altamira;PA;24
;Anajás;PA;26
;Ananindeua;PA;24
;Anapu;PA;12
;Augusto Corrêa;PA;6
;Aurora do Pará;PA;18
;Aveiro;PA;18
;Bagre;PA;18
;Baião;PA;22
;Bannach;PA;26
;Barcarena;PA;24
;Belterra;PA;16
;Belém;PA;24
;Benevides;PA;22
;Bom Jesus do Tocantins;PA;14
;Bonito;PA;14
;Bragança;PA;10
;Brasil Novo;PA;8
;Brejo Grande do Araguaia;PA;12
;Breu Branco;PA;14
;Breves;PA;24
;Bujaru;PA;24
;Cachoeira do Arari;PA;14
;Cachoeira do Piriá;PA;16
;Cametá;PA;24
;Canaã dos Carajás;PA;18
;Capanema;PA;12
;Capitão Poço;PA;16
;Castanhal;PA;18
;Chaves;PA;18
;Colares;PA;14
;Conceição do Araguaia;PA;24
;Concórdia do Pará;PA;20
;Cumaru do Norte;PA;28
;Curionópolis;PA;14
;Curralinho;PA;20
;Curuá;PA;16
;Curuçá;PA;10
;Dom Eliseu;PA;12
;Eldorado do Carajás;PA;14
;Faro;PA;16
;Floresta do Araguaia;PA;20
;Garrafão do Norte;PA;16
;Goianésia do Pará;PA;16
;Gurupá;PA;16
;Igarapé-Açu;PA;14
;Igarapé-Miri;PA;24
;Inhangapi;PA;20
;Ipixuna do Pará;PA;18
;Irituia;PA;14
;Itaituba;PA;22
;Itupiranga;PA;14
;Jacareacanga;PA;26
;Jacundá;PA;16
;Juruti;PA;16
;Limoeiro do Ajuru;PA;22
;Magalhães Barata;PA;10
;Marabá;PA;14
;Maracanã;PA;12
;Marapanim;PA;12
;Marituba;PA;24
;Medicilândia;PA;10
;Melgaço;PA;20
;Mocajuba;PA;22
;Moju;PA;24
;Mojuí dos Campos;PA;14
;Monte Alegre;PA;10
;Muaná;PA;24
;Mãe do Rio;PA;14
;Nova Esperança do Piriá;PA;16
;Nova Ipixuna;PA;14
;Nova Timboteua;PA;14
;Novo Progresso;PA;30
;Novo Repartimento;PA;16
;Oeiras do Pará;PA;22
;Oriximiná;PA;20
;Ourilândia do Norte;PA;28
;Ourém;PA;12
;Pacajá;PA;12
;Palestina do Pará;PA;12
;Paragominas;PA;16
;Parauapebas;PA;18
;Pau D’Arco;PA;20
;Peixe-Boi;PA;12
;Piçarra;PA;18
;Placas;PA;16
;Ponta de Pedras;PA;22
;Portel;PA;16
;Porto de Moz;PA;10
;Prainha;PA;10
;Primavera;PA;8
;Quatipuru;PA;6
;Redenção;PA;22
;Rio Maria;PA;20
;Rondon do Pará;PA;14
;Rurópolis;PA;18
;Salinópolis;PA;6
;Salvaterra;PA;12
;Santa Bárbara do Pará;PA;20
;Santa Cruz do Arari;PA;14
;Santa Izabel do Pará;PA;22
;Santa Luzia do Pará;PA;14
;Santa Maria das Barreiras;PA;24
;Santa Maria do Pará;PA;14
;Santana do Araguaia;PA;24
;Santarém;PA;16
;Santarém Novo;PA;8
;Santo Antônio do Tauá;PA;18
;Sapucaia;PA;12
;Senador José Porfírio;PA;12
;Soure;PA;8
;São Caetano de Odivelas;PA;14
;São Domingos do Araguaia;PA;12
;São Domingos do Capim;PA;18
;São Francisco do Pará;PA;16
;São Félix do Xingu;PA;30
;São Geraldo do Araguaia;PA;16
;São João da Ponta;PA;12
;São João de Pirabas;PA;6
;São João do Araguaia;PA;12
;São Miguel do Guamá;PA;18
;São Sebastião da Boa Vista;PA;24
;Tailândia;PA;20
;Terra Alta;PA;12
;Terra Santa;PA;16
;Tomé-Açu;PA;22
;Tracuateua;PA;12
;Trairão;PA;18
;Tucumã;PA;24
;Tucuruí;PA;14
;Ulianópolis;PA;10
;Uruará;PA;12
;Vigia;PA;16
;Viseu;PA;16
;Vitória do Xingu;PA;12
;Xinguara;PA;18
;Água Azul do Norte;PA;20
;Óbidos;PA;16
;Aguiar;PB;6
;Alagoa Grande;PB;2
;Alagoa Nova;PB;2
;Alagoinha;PB;2
;Alcantil;PB;4
;Algodão de Jandaíra;PB;2
;Alhandra;PB;2
;Amparo;PB;4
;Aparecida;PB;8
;Arara;PB;2
;Araruna;PB;2
;Araçagi;PB;2
;Areia;PB;2
;Areia de Baraúnas;PB;6
;Areial;PB;2
;Aroeiras;PB;2
;Assunção;PB;4
;Bananeiras;PB;2
;Baraúna;PB;4
;Barra de Santa Rosa;PB;4
;Barra de Santana;PB;4
;Barra de São Miguel;PB;4
;Bayeux;PB;2
;Baía da Traição;PB;2
;Belém;PB;2
;Belém do Brejo do Cruz;PB;6
;Bernardino Batista;PB;4
;Boa Ventura;PB;8
;Boa Vista;PB;4
;Bom Jesus;PB;4
;Bom Sucesso;PB;6
;Bonito de Santa Fé;PB;6
;Boqueirão;PB;4
;Borborema;PB;2
;Brejo do Cruz;PB;6
;Brejo dos Santos;PB;6
;Caaporã;PB;2
;Cabaceiras;PB;4
;Cabedelo;PB;2
;Cachoeira dos Índios;PB;4
;Cacimba de Areia;PB;8
;Cacimba de Dentro;PB;2
;Cacimbas;PB;8
;Caiçara;PB;2
;Cajazeiras;PB;4
;Cajazeirinhas;PB;10
;Caldas Brandão;PB;2
;Camalaú;PB;4
;Campina Grande;PB;4
;Capim;PB;2
;Caraúbas;PB;4
;Carrapateira;PB;6
;Casserengue;PB;2
;Catingueira;PB;12
;Catolé do Rocha;PB;6
;Caturité;PB;4
;Conceição;PB;6
;Condado;PB;12
;Conde;PB;2
;Congo;PB;4
;Coremas;PB;8
;Coxixola;PB;4
;Cruz do Espírito Santo;PB;2
;Cubati;PB;4
;Cuitegi;PB;2
;Cuité;PB;4
;Cuité de Mamanguape;PB;2
;Curral Velho;PB;8
;Curral de Cima;PB;2
;Damião;PB;2
;Desterro;PB;6
;Diamante;PB;6
;Dona Inês;PB;2
;Duas Estradas;PB;2
;Emas;PB;10
;Esperança;PB;2
;Fagundes;PB;2
;Frei Martinho;PB;6
;Gado Bravo;PB;2
;Guarabira;PB;2
;Gurinhém;PB;2
;Gurjão;PB;4
;Ibiara;PB;6
;Igaracy;PB;6
;Imaculada;PB;8
;Ingá;PB;2
;Itabaiana;PB;2
;Itaporanga;PB;6
;Itapororoca;PB;2
;Itatuba;PB;2
;Jacaraú;PB;2
;Jericó;PB;8
;Joca Claudino;PB;4
;João Pessoa;PB;2
;Juarez Távora;PB;2
;Juazeirinho;PB;4
;Junco do Seridó;PB;6
;Juripiranga;PB;2
;Juru;PB;8
;Lagoa;PB;8
;Lagoa Seca;PB;2
;Lagoa de Dentro;PB;2
;Lastro;PB;6
;Livramento;PB;4
;Logradouro;PB;2
;Lucena;PB;2
;Malta;PB;12
;Mamanguape;PB;2
;Manaíra;PB;6
;Marcação;PB;2
;Mari;PB;2
;Marizópolis;PB;4
;Massaranduba;PB;2
;Mataraca;PB;2
;Matinhas;PB;2
;Mato Grosso;PB;8
;Matureia;PB;10
;Mogeiro;PB;2
;Montadas;PB;2
;Monte Horebe;PB;6
;Monteiro;PB;6
;Mulungu;PB;2
;Mãe d’Água;PB;10
;Natuba;PB;2
;Nazarezinho;PB;6
;Nova Floresta;PB;4
;Nova Olinda;PB;6
;Nova Palmeira;PB;4
;Olho d’Água;PB;10
;Olivedos;PB;4
;Ouro Velho;PB;6
;Parari;PB;4
;Passagem;PB;8
;Patos;PB;12
;Paulista;PB;10
;Pedra Branca;PB;8
;Pedra Lavrada;PB;4
;Pedras de Fogo;PB;2
;Pedro Régis;PB;2
;Piancó;PB;8
;Picuí;PB;4
;Pilar;PB;2
;Pilões;PB;2
;Pilõezinhos;PB;2
;Pirpirituba;PB;2
;Pitimbu;PB;2
;Pocinhos;PB;4
;Pombal;PB;10
;Poço Dantas;PB;4
;Poço de José de Moura;PB;4
;Prata;PB;6
;Princesa Isabel;PB;6
;Puxinanã;PB;2
;Queimadas;PB;2
;Quixaba;PB;10
;Remígio;PB;2
;Riacho de Santo Antônio;PB;4
;Riacho dos Cavalos;PB;8
;Riachão;PB;2
;Riachão do Bacamarte;PB;2
;Riachão do Poço;PB;2
;Rio Tinto;PB;2
;Salgadinho;PB;6
;Salgado de São Félix;PB;2
;Santa Cecília;PB;2
;Santa Cruz;PB;6
;Santa Helena;PB;4
;Santa Inês;PB;8
;Santa Luzia;PB;8
;Santa Rita;PB;2
;Santa Teresinha;PB;12
;Santana de Mangueira;PB;6
;Santana dos Garrotes;PB;6
;Santo André;PB;4
;Sapé;PB;2
;Serra Branca;PB;4
;Serra Grande;PB;6
;Serra Redonda;PB;2
;Serra da Raiz;PB;2
;Serraria;PB;2
;Sertãozinho;PB;2
;Sobrado;PB;2
;Soledade;PB;4
;Solânea;PB;2
;Sossego;PB;4
;Sousa;PB;6
;Sumé;PB;4
;São Bentinho;PB;10
;São Bento;PB;8
;São Domingos;PB;8
;São Domingos do Cariri;PB;2
;São Francisco;PB;6
;São José da Lagoa Tapada;PB;6
;São José de Caiana;PB;6
;São José de Espinharas;PB;12
;São José de Piranhas;PB;6
;São José de Princesa;PB;6
;São José do Bonfim;PB;10
;São José do Brejo do Cruz;PB;6
;São José do Sabugi;PB;8
;São José dos Cordeiros;PB;4
;São José dos Ramos;PB;2
;São João do Cariri;PB;4
;São João do Rio do Peixe;PB;4
;São João do Tigre;PB;4
;São Mamede;PB;10
;São Miguel de Taipu;PB;2
;São Sebastião de Lagoa de Roça;PB;2
;São Sebastião do Umbuzeiro;PB;4
;São Vicente do Seridó;PB;4
;Tacima;PB;2
;Taperoá;PB;6
;Tavares;PB;8
;Teixeira;PB;8
;Tenório;PB;4
;Triunfo;PB;4
;Uiraúna;PB;6
;Umbuzeiro;PB;2
;Vieirópolis;PB;6
;Vista Serrana;PB;10
;Várzea;PB;10
;Zabelê;PB;4
;Água Branca;PB;8
;Abreu e Lima;PE;2
;Afogados da Ingazeira;PE;8
;Afrânio;PE;4
;Agrestina;PE;4
;Alagoinha;PE;4
;Aliança;PE;2
;Altinho;PE;4
;Amaraji;PE;2
;Angelim;PE;2
;Araripina;PE;6
;Araçoiaba;PE;2
;Arcoverde;PE;4
;Barra de Guabiraba;PE;2
;Barreiros;PE;2
;Belo Jardim;PE;4
;Belém de Maria;PE;2
;Belém do São Francisco;PE;6
;Betânia;PE;6
;Bezerros;PE;4
;Bodocó;PE;6
;Bom Conselho;PE;4
;Bom Jardim;PE;2
;Bonito;PE;2
;Brejinho;PE;8
;Brejo da Madre de Deus;PE;4
;Brejão;PE;2
;Buenos Aires;PE;2
;Buíque;PE;4
;Cabo de Santo Agostinho;PE;2
;Cabrobó;PE;4
;Cachoeirinha;PE;4
;Caetés;PE;4
;Calumbi;PE;6
;Calçado;PE;4
;Camaragibe;PE;2
;Camocim de São Félix;PE;2
;Camutanga;PE;2
;Canhotinho;PE;2
;Capoeiras;PE;4
;Carnaubeira da Penha;PE;6
;Carnaíba;PE;8
;Carpina;PE;2
;Caruaru;PE;4
;Casinhas;PE;2
;Catende;PE;2
;Cedro;PE;6
;Chã Grande;PE;2
;Chã de Alegria;PE;2
;Condado;PE;2
;Correntes;PE;2
;Cortês;PE;2
;Cumaru;PE;2
;Cupira;PE;2
;Custódia;PE;6
;Dormentes;PE;4
;Escada;PE;2
;Exu;PE;4
;Feira Nova;PE;2
;Fernando de Noronha;PE;0
;Ferreiros;PE;2
;Flores;PE;6
;Floresta;PE;6
;Frei Miguelinho;PE;2
;Gameleira;PE;2
;Garanhuns;PE;4
;Glória do Goitá;PE;2
;Goiana;PE;2
;Granito;PE;6
;Gravatá;PE;2
;Iati;PE;4
;Ibimirim;PE;4
;Ibirajuba;PE;4
;Igarassu;PE;2
;Iguaracy;PE;8
;Ilha de Itamaracá;PE;2
;Inajá;PE;4
;Ingazeira;PE;8
;Ipojuca;PE;2
;Ipubi;PE;4
;Itacuruba;PE;6
;Itambé;PE;2
;Itapetim;PE;8
;Itapissuma;PE;2
;Itaquitinga;PE;2
;Itaíba;PE;4
;Jaboatão dos Guararapes;PE;2
;Jaqueira;PE;2
;Jataúba;PE;4
;Jatobá;PE;4
;Joaquim Nabuco;PE;2
;João Alfredo;PE;2
;Jucati;PE;4
;Jupi;PE;4
;Jurema;PE;2
;Lagoa Grande;PE;4
;Lagoa de Itaenga;PE;2
;Lagoa do Carro;PE;2
;Lagoa do Ouro;PE;2
;Lagoa dos Gatos;PE;2
;Lajedo;PE;4
;Limoeiro;PE;2
;Macaparana;PE;2
;Machados;PE;2
;Manari;PE;4
;Maraial;PE;2
;Mirandiba;PE;6
;Moreilândia;PE;4
;Moreno;PE;2
;Nazaré da Mata;PE;2
;Olinda;PE;2
;Orobó;PE;2
;Orocó;PE;4
;Ouricuri;PE;6
;Palmares;PE;2
;Palmeirina;PE;2
;Panelas;PE;2
;Paranatama;PE;2
;Parnamirim;PE;6
;Passira;PE;2
;Paudalho;PE;2
;Paulista;PE;2
;Pedra;PE;4
;Pesqueira;PE;4
;Petrolina;PE;6
;Petrolândia;PE;6
;Pombos;PE;2
;Poção;PE;4
;Primavera;PE;2
;Quipapá;PE;2
;Quixaba;PE;8
;Recife;PE;2
;Riacho das Almas;PE;2
;Ribeirão;PE;2
;Rio Formoso;PE;2
;Sairé;PE;2
;Salgadinho;PE;2
;Salgueiro;PE;6
;Saloá;PE;4
;Sanharó;PE;4
;Santa Cruz;PE;6
;Santa Cruz da Baixa Verde;PE;6
;Santa Cruz do Capibaribe;PE;4
;Santa Filomena;PE;4
;Santa Maria da Boa Vista;PE;4
;Santa Maria do Cambucá;PE;2
;Santa Terezinha;PE;8
;Serra Talhada;PE;6
;Serrita;PE;6
;Sertânia;PE;6
;Sirinhaém;PE;2
;Solidão;PE;8
;Surubim;PE;2
;São Benedito do Sul;PE;2
;São Bento do Una;PE;4
;São Caitano;PE;4
;São Joaquim do Monte;PE;4
;São José da Coroa Grande;PE;2
;São José do Belmonte;PE;8
;São José do Egito;PE;8
;São João;PE;2
;São Lourenço da Mata;PE;2
;São Vicente Férrer;PE;2
;Tabira;PE;8
;Tacaimbó;PE;4
;Tacaratu;PE;4
;Tamandaré;PE;2
;Taquaritinga do Norte;PE;4
;Terezinha;PE;2
;Terra Nova;PE;4
;Timbaúba;PE;2
;Toritama;PE;4
;Tracunhaém;PE;2
;Trindade;PE;4
;Triunfo;PE;6
;Tupanatinga;PE;4
;Tuparetama;PE;6
;Venturosa;PE;4
;Verdejante;PE;6
;Vertente do Lério;PE;2
;Vertentes;PE;4
;Vicência;PE;2
;Vitória de Santo Antão;PE;2
;Xexéu;PE;2
;Água Preta;PE;2
;Águas Belas;PE;4
;Acauã;PI;4
;Agricolândia;PI;10
;Alagoinha do Piauí;PI;6
;Alegrete do Piauí;PI;4
;Alto Longá;PI;14
;Altos;PI;14
;Alvorada do Gurgueia;PI;14
;Amarante;PI;10
;Angical do Piauí;PI;10
;Antônio Almeida;PI;8
;Anísio de Abreu;PI;6
;Aroazes;PI;14
;Aroeiras do Itaim;PI;12
;Arraial;PI;10
;Assunção do Piauí;PI;8
;Avelino Lopes;PI;10
;Baixa Grande do Ribeiro;PI;16
;Barra D’Alcântara;PI;12
;Barras;PI;22
;Barreiras do Piauí;PI;18
;Barro Duro;PI;12
;Batalha;PI;22
;Bela Vista do Piauí;PI;6
;Belém do Piauí;PI;6
;Beneditinos;PI;12
;Bertolínia;PI;8
;Betânia do Piauí;PI;4
;Boa Hora;PI;16
;Bocaina;PI;14
;Bom Jesus;PI;12
;Bom Princípio do Piauí;PI;8
;Bonfim do Piauí;PI;6
;Boqueirão do Piauí;PI;12
;Brasileira;PI;16
;Brejo do Piauí;PI;8
;Buriti dos Lopes;PI;10
;Buriti dos Montes;PI;8
;Cabeceiras do Piauí;PI;14
;Cajazeiras do Piauí;PI;10
;Cajueiro da Praia;PI;6
;Caldeirão Grande do Piauí;PI;6
;Campinas do Piauí;PI;8
;Campo Alegre do Fidalgo;PI;6
;Campo Grande do Piauí;PI;8
;Campo Largo do Piauí;PI;22
;Campo Maior;PI;14
;Canavieira;PI;8
;Canto do Buriti;PI;10
;Capitão Gervásio Oliveira;PI;6
;Capitão de Campos;PI;12
;Caracol;PI;8
;Caraúbas do Piauí;PI;14
;Caridade do Piauí;PI;6
;Castelo do Piauí;PI;10
;Caxingó;PI;12
;Cocal;PI;14
;Cocal de Telha;PI;12
;Cocal dos Alves;PI;12
;Coivaras;PI;14
;Colônia do Gurgueia;PI;6
;Colônia do Piauí;PI;10
;Conceição do Canindé;PI;6
;Coronel José Dias;PI;6
;Corrente;PI;12
;Cristalândia do Piauí;PI;12
;Cristino Castro;PI;12
;Curimatá;PI;12
;Currais;PI;12
;Curral Novo do Piauí;PI;4
;Curralinhos;PI;10
;Demerval Lobão;PI;12
;Dirceu Arcoverde;PI;6
;Dom Expedito Lopes;PI;14
;Dom Inocêncio;PI;6
;Domingos Mourão;PI;10
;Elesbão Veloso;PI;14
;Eliseu Martins;PI;8
;Esperantina;PI;22
;Fartura do Piauí;PI;6
;Flores do Piauí;PI;8
;Floresta do Piauí;PI;8
;Floriano;PI;8
;Francinópolis;PI;12
;Francisco Ayres;PI;8
;Francisco Macedo;PI;6
;Francisco Santos;PI;10
;Fronteiras;PI;4
;Geminiano;PI;12
;Gilbués;PI;18
;Guadalupe;PI;10
;Guaribas;PI;12
;Hugo Napoleão;PI;10
;Ilha Grande;PI;4
;Inhuma;PI;16
;Ipiranga do Piauí;PI;16
;Isaías Coelho;PI;8
;Itainópolis;PI;10
;Itaueira;PI;8
;Jacobina do Piauí;PI;6
;Jaicós;PI;10
;Jardim do Mulato;PI;10
;Jatobá do Piauí;PI;14
;Jerumenha;PI;8
;Joaquim Pires;PI;14
;Joca Marques;PI;14
;José de Freitas;PI;12
;João Costa;PI;8
;Juazeiro do Piauí;PI;10
;Jurema;PI;8
;Júlio Borges;PI;12
;Lagoa Alegre;PI;14
;Lagoa de São Francisco;PI;12
;Lagoa do Barro do Piauí;PI;6
;Lagoa do Piauí;PI;12
;Lagoa do Sítio;PI;16
;Lagoinha do Piauí;PI;10
;Landri Sales;PI;8
;Luzilândia;PI;18
;Luís Correia;PI;8
;Madeiro;PI;16
;Manoel Emídio;PI;12
;Marcolândia;PI;6
;Marcos Parente;PI;8
;Massapê do Piauí;PI;8
;Matias Olímpio;PI;20
;Miguel Alves;PI;20
;Miguel Leão;PI;10
;Milton Brandão;PI;12
;Monsenhor Gil;PI;12
;Monsenhor Hipólito;PI;8
;Monte Alegre do Piauí;PI;16
;Morro Cabeça no Tempo;PI;12
;Morro do Chapéu do Piauí;PI;20
;Murici dos Portelas;PI;12
;Nazaré do Piauí;PI;8
;Nazária;PI;12
;Nossa Senhora de Nazaré;PI;12
;Nossa Senhora dos Remédios;PI;22
;Nova Santa Rita;PI;6
;Novo Oriente do Piauí;PI;16
;Novo Santo Antônio;PI;12
;Oeiras;PI;14
;Olho d’Água do Piauí;PI;12
;Padre Marcos;PI;6
;Paes Landim;PI;8
;Pajeú do Piauí;PI;8
;Palmeira do Piauí;PI;14
;Palmeirais;PI;10
;Paquetá;PI;14
;Parnaguá;PI;12
;Parnaíba;PI;4
;Passagem Franca do Piauí;PI;12
;Patos do Piauí;PI;8
;Pau D’Arco do Piauí;PI;14
;Paulistana;PI;6
;Pavussu;PI;6
;Pedro II;PI;12
;Pedro Laurentino;PI;8
;Picos;PI;14
;Pimenteiras;PI;14
;Pio IX;PI;8
;Piracuruca;PI;14
;Piripiri;PI;16
;Porto;PI;22
;Porto Alegre do Piauí;PI;8
;Prata do Piauí;PI;12
;Queimada Nova;PI;4
;Redenção do Gurgueia;PI;12
;Regeneração;PI;10
;Riacho Frio;PI;12
;Ribeira do Piauí;PI;10
;Ribeiro Gonçalves;PI;12
;Rio Grande do Piauí;PI;6
;Santa Cruz do Piauí;PI;14
;Santa Cruz dos Milagres;PI;14
;Santa Filomena;PI;20
;Santa Luz;PI;12
;Santa Rosa do Piauí;PI;12
;Santana do Piauí;PI;14
;Santo Antônio de Lisboa;PI;12
;Santo Antônio dos Milagres;PI;10
;Santo Inácio do Piauí;PI;10
;Sebastião Barros;PI;12
;Sebastião Leal;PI;12
;Sigefredo Pacheco;PI;12
;Simplício Mendes;PI;8
;Simões;PI;6
;Socorro do Piauí;PI;10
;Sussuapara;PI;14
;São Braz do Piauí;PI;6
;São Francisco de Assis do Piauí;PI;6
;São Francisco do Piauí;PI;8
;São Félix do Piauí;PI;14
;São Gonçalo do Gurgueia;PI;16
;São Gonçalo do Piauí;PI;10
;São José do Divino;PI;14
;São José do Peixe;PI;8
;São José do Piauí;PI;16
;São João da Canabrava;PI;16
;São João da Fronteira;PI;10
;São João da Serra;PI;10
;São João da Varjota;PI;14
;São João do Arraial;PI;20
;São João do Piauí;PI;8
;São Julião;PI;6
;São Lourenço do Piauí;PI;6
;São Luis do Piauí;PI;14
;São Miguel da Baixa Grande;PI;14
;São Miguel do Fidalgo;PI;8
;São Miguel do Tapuio;PI;12
;São Pedro do Piauí;PI;10
;São Raimundo Nonato;PI;6
;Tamboril do Piauí;PI;8
;Tanque do Piauí;PI;12
;Teresina;PI;12
;União;PI;14
;Uruçuí;PI;14
;Valença do Piauí;PI;16
;Vera Mendes;PI;8
;Vila Nova do Piauí;PI;6
;Várzea Branca;PI;6
;Várzea Grande;PI;12
;Wall Ferraz;PI;12
;Água Branca;PI;10
;Abatiá;PR;14
;Adrianópolis;PR;18
;Agudos do Sul;PR;14
;Almirante Tamandaré;PR;12
;Altamira do Paraná;PR;22
;Alto Paraná;PR;18
;Alto Paraíso;PR;24
;Alto Piquiri;PR;20
;Altônia;PR;20
;Alvorada do Sul;PR;16
;Amaporã;PR;18
;Ampére;PR;22
;Anahy;PR;20
;Andirá;PR;16
;Antonina;PR;18
;Antônio Olinto;PR;12
;Apucarana;PR;18
;Arapongas;PR;18
;Arapoti;PR;16
;Arapuã;PR;16
;Araruna;PR;18
;Araucária;PR;14
;Ariranha do Ivaí;PR;16
;Assaí;PR;12
;Assis Chateaubriand;PR;22
;Astorga;PR;18
;Atalaia;PR;18
;Balsa Nova;PR;12
;Bandeirantes;PR;16
;Barbosa Ferraz;PR;18
;Barra do Jacaré;PR;16
;Barracão;PR;22
;Bela Vista da Caroba;PR;22
;Bela Vista do Paraíso;PR;14
;Bituruna;PR;18
;Boa Esperança;PR;18
;Boa Esperança do Iguaçu;PR;20
;Boa Ventura de São Roque;PR;16
;Boa Vista da Aparecida;PR;22
;Bocaiúva do Sul;PR;16
;Bom Jesus do Sul;PR;22
;Bom Sucesso;PR;18
;Bom Sucesso do Sul;PR;20
;Borrazópolis;PR;16
;Braganey;PR;22
;Brasilândia do Sul;PR;20
;Cafeara;PR;16
;Cafelândia;PR;18
;Cafezal do Sul;PR;22
;Califórnia;PR;18
;Cambará;PR;16
;Cambira;PR;18
;Cambé;PR;16
;Campina Grande do Sul;PR;16
;Campina da Lagoa;PR;22
;Campina do Simão;PR;16
;Campo Bonito;PR;22
;Campo Largo;PR;14
;Campo Magro;PR;12
;Campo Mourão;PR;18
;Campo do Tenente;PR;14
;Candói;PR;20
;Cantagalo;PR;18
;Capanema;PR;24
;Capitão Leônidas Marques;PR;24
;Carambeí;PR;12
;Carlópolis;PR;12
;Cascavel;PR;22
;Castro;PR;14
;Catanduvas;PR;20
;Centenário do Sul;PR;16
;Cerro Azul;PR;14
;Chopinzinho;PR;22
;Cianorte;PR;20
;Cidade Gaúcha;PR;20
;Clevelândia;PR;18
;Colombo;PR;14
;Colorado;PR;18
;Congonhinhas;PR;14
;Conselheiro Mairinck;PR;12
;Contenda;PR;14
;Corbélia;PR;20
;Cornélio Procópio;PR;14
;Coronel Domingos Soares;PR;16
;Coronel Vivida;PR;20
;Corumbataí do Sul;PR;16
;Cruz Machado;PR;16
;Cruzeiro do Iguaçu;PR;20
;Cruzeiro do Oeste;PR;22
;Cruzeiro do Sul;PR;18
;Cruzmaltina;PR;16
;Curitiba;PR;14
;Curiúva;PR;18
;Cândido de Abreu;PR;16
;Céu Azul;PR;24
;Diamante D’Oeste;PR;24
;Diamante do Norte;PR;20
;Diamante do Sul;PR;20
;Dois Vizinhos;PR;20
;Douradina;PR;24
;Doutor Camargo;PR;20
;Doutor Ulysses;PR;16
;Engenheiro Beltrão;PR;20
;Entre Rios do Oeste;PR;24
;Enéas Marques;PR;20
;Esperança Nova;PR;24
;Espigão Alto do Iguaçu;PR;20
;Farol;PR;16
;Faxinal;PR;18
;Fazenda Rio Grande;PR;14
;Fernandes Pinheiro;PR;12
;Figueira;PR;16
;Flor da Serra do Sul;PR;22
;Floraí;PR;20
;Floresta;PR;20
;Florestópolis;PR;16
;Flórida;PR;18
;Formosa do Oeste;PR;20
;Foz do Iguaçu;PR;22
;Foz do Jordão;PR;18
;Francisco Alves;PR;20
;Francisco Beltrão;PR;22
;Fênix;PR;18
;General Carneiro;PR;18
;Godoy Moreira;PR;16
;Goioerê;PR;18
;Goioxim;PR;18
;Grandes Rios;PR;16
;Guairaçá;PR;18
;Guamiranga;PR;12
;Guapirama;PR;14
;Guaporema;PR;20
;Guaraci;PR;16
;Guaraniaçu;PR;22
;Guarapuava;PR;18
;Guaraqueçaba;PR;18
;Guaratuba;PR;16
;Guaíra;PR;24
;Honório Serpa;PR;18
;Ibaiti;PR;14
;Ibema;PR;18
;Ibiporã;PR;14
;Icaraíma;PR;24
;Iguaraçu;PR;18
;Iguatu;PR;20
;Imbaú;PR;14
;Imbituva;PR;12
;Inajá;PR;18
;Indianópolis;PR;20
;Inácio Martins;PR;16
;Ipiranga;PR;12
;Iporã;PR;20
;Iracema do Oeste;PR;20
;Irati;PR;14
;Iretama;PR;16
;Itaguajé;PR;18
;Itaipulândia;PR;22
;Itambaracá;PR;16
;Itambé;PR;20
;Itapejara d’Oeste;PR;20
;Itaperuçu;PR;14
;Itaúna do Sul;PR;18
;Ivaiporã;PR;16
;Ivatuba;PR;20
;Ivaté;PR;24
;Ivaí;PR;12
;Jaboti;PR;12
;Jacarezinho;PR;16
;Jaguapitã;PR;16
;Jaguariaíva;PR;14
;Jandaia do Sul;PR;18
;Janiópolis;PR;18
;Japira;PR;12
;Japurá;PR;20
;Jardim Alegre;PR;16
;Jardim Olinda;PR;18
;Jataizinho;PR;12
;Jesuítas;PR;20
;Joaquim Távora;PR;12
;Jundiaí do Sul;PR;14
;Juranda;PR;20
;Jussara;PR;20
;Kaloré;PR;16
;Lapa;PR;14
;Laranjal;PR;20
;Laranjeiras do Sul;PR;22
;Leópolis;PR;14
;Lidianópolis;PR;16
;Lindoeste;PR;22
;Loanda;PR;20
;Lobato;PR;18
;Londrina;PR;16
;Luiziana;PR;18
;Lunardelli;PR;16
;Lupionópolis;PR;16
;Mallet;PR;16
;Mamborê;PR;20
;Mandaguari;PR;18
;Mandaguaçu;PR;18
;Mandirituba;PR;14
;Manfrinópolis;PR;22
;Mangueirinha;PR;18
;Manoel Ribas;PR;16
;Marechal Cândido Rondon;PR;24
;Maria Helena;PR;24
;Marialva;PR;18
;Marilena;PR;20
;Mariluz;PR;20
;Marilândia do Sul;PR;18
;Maringá;PR;18
;Maripá;PR;24
;Mariópolis;PR;18
;Marmeleiro;PR;20
;Marquinho;PR;18
;Marumbi;PR;18
;Matelândia;PR;24
;Matinhos;PR;14
;Mato Rico;PR;18
;Mauá da Serra;PR;18
;Medianeira;PR;22
;Mercedes;PR;24
;Mirador;PR;18
;Miraselva;PR;14
;Missal;PR;22
;Moreira Sales;PR;18
;Morretes;PR;18
;Munhoz de Melo;PR;18
;Nossa Senhora das Graças;PR;18
;Nova Aliança do Ivaí;PR;18
;Nova América da Colina;PR;12
;Nova Aurora;PR;20
;Nova Cantu;PR;22
;Nova Esperança;PR;18
;Nova Esperança do Sudoeste;PR;20
;Nova Fátima;PR;14
;Nova Laranjeiras;PR;22
;Nova Londrina;PR;20
;Nova Olímpia;PR;20
;Nova Prata do Iguaçu;PR;22
;Nova Santa Bárbara;PR;12
;Nova Santa Rosa;PR;24
;Nova Tebas;PR;16
;Novo Itacolomi;PR;18
;Ortigueira;PR;18
;Ourizona;PR;20
;Ouro Verde do Oeste;PR;24
;Paiçandu;PR;20
;Palmas;PR;16
;Palmeira;PR;12
;Palmital;PR;18
;Palotina;PR;24
;Paranacity;PR;18
;Paranaguá;PR;16
;Paranapoema;PR;18
;Paranavaí;PR;18
;Paraíso do Norte;PR;20
;Pato Bragado;PR;24
;Pato Branco;PR;20
;Paula Freitas;PR;16
;Paulo Frontin;PR;16
;Peabiru;PR;20
;Perobal;PR;22
;Pinhais;PR;14
;Pinhal de São Bento;PR;22
;Pinhalão;PR;14
;Pinhão;PR;18
;Piraquara;PR;16
;Piraí do Sul;PR;14
;Pitanga;PR;18
;Pitangueiras;PR;14
;Piên;PR;14
;Planaltina do Paraná;PR;18
;Planalto;PR;24
;Ponta Grossa;PR;12
;Pontal do Paraná;PR;16
;Porecatu;PR;16
;Porto Amazonas;PR;12
;Porto Barreiro;PR;22
;Porto Rico;PR;20
;Porto Vitória;PR;16
;Prado Ferreira;PR;14
;Pranchita;PR;22
;Presidente Castelo Branco;PR;20
;Primeiro de Maio;PR;16
;Prudentópolis;PR;16
;Pérola;PR;24
;Pérola d’Oeste;PR;24
;Quarto Centenário;PR;20
;Quatiguá;PR;12
;Quatro Barras;PR;16
;Quatro Pontes;PR;24
;Quedas do Iguaçu;PR;22
;Querência do Norte;PR;24
;Quinta do Sol;PR;20
;Quitandinha;PR;14
;Ramilândia;PR;22
;Rancho Alegre;PR;12
;Rancho Alegre d’Oeste;PR;18
;Realeza;PR;24
;Rebouças;PR;14
;Renascença;PR;20
;Reserva;PR;16
;Reserva do Iguaçu;PR;18
;Ribeirão Claro;PR;14
;Ribeirão do Pinhal;PR;14
;Rio Azul;PR;14
;Rio Bom;PR;18
;Rio Bonito do Iguaçu;PR;22
;Rio Branco do Ivaí;PR;16
;Rio Branco do Sul;PR;14
;Rio Negro;PR;14
;Rolândia;PR;16
;Roncador;PR;20
;Rondon;PR;20
;Rosário do Ivaí;PR;18
;Sabáudia;PR;16
;Salgado Filho;PR;22
;Salto do Itararé;PR;12
;Salto do Lontra;PR;20
;Santa Amélia;PR;14
;Santa Cecília do Pavão;PR;12
;Santa Cruz de Monte Castelo;PR;22
;Santa Fé;PR;18
;Santa Helena;PR;24
;Santa Inês;PR;16
;Santa Isabel do Ivaí;PR;22
;Santa Izabel do Oeste;PR;22
;Santa Lúcia;PR;22
;Santa Maria do Oeste;PR;18
;Santa Mariana;PR;14
;Santa Mônica;PR;20
;Santa Tereza do Oeste;PR;22
;Santa Terezinha de Itaipu;PR;22
;Santana do Itararé;PR;12
;Santo Antônio da Platina;PR;16
;Santo Antônio do Caiuá;PR;18
;Santo Antônio do Paraíso;PR;14
;Santo Antônio do Sudoeste;PR;22
;Santo Inácio;PR;16
;Sapopema;PR;18
;Sarandi;PR;18
;Saudade do Iguaçu;PR;22
;Sengés;PR;14
;Serranópolis do Iguaçu;PR;24
;Sertaneja;PR;14
;Sertanópolis;PR;14
;Siqueira Campos;PR;12
;Sulina;PR;22
;São Carlos do Ivaí;PR;20
;São Jerônimo da Serra;PR;16
;São Jorge do Ivaí;PR;20
;São Jorge do Patrocínio;PR;22
;São Jorge d’Oeste;PR;22
;São José da Boa Vista;PR;12
;São José das Palmeiras;PR;24
;São José dos Pinhais;PR;16
;São João;PR;22
;São João do Caiuá;PR;18
;São João do Ivaí;PR;16
;São João do Triunfo;PR;12
;São Manoel do Paraná;PR;20
;São Mateus do Sul;PR;14
;São Miguel do Iguaçu;PR;22
;São Pedro do Iguaçu;PR;24
;São Pedro do Ivaí;PR;18
;São Pedro do Paraná;PR;20
;São Sebastião da Amoreira;PR;12
;São Tomé;PR;20
;Tamarana;PR;18
;Tamboara;PR;18
;Tapejara;PR;20
;Tapira;PR;22
;Teixeira Soares;PR;12
;Telêmaco Borba;PR;18
;Terra Boa;PR;20
;Terra Rica;PR;18
;Terra Roxa;PR;24
;Tibagi;PR;14
;Tijucas do Sul;PR;14
;Toledo;PR;24
;Tomazina;PR;12
;Três Barras do Paraná;PR;20
;Tunas do Paraná;PR;16
;Tuneiras do Oeste;PR;18
;Tupãssi;PR;20
;Turvo;PR;16
;Ubiratã;PR;22
;Umuarama;PR;26
;Uniflor;PR;18
;União da Vitória;PR;16
;Uraí;PR;12
;Ventania;PR;16
;Vera Cruz do Oeste;PR;22
;Verê;PR;20
;Virmond;PR;20
;Vitorino;PR;18
;Wenceslau Braz;PR;12
;Xambrê;PR;24
;Ângulo;PR;18
;Angra dos Reis;RJ;16
;Aperibé;RJ;18
;Araruama;RJ;14
;Areal;RJ;18
;Armação dos Búzios;RJ;10
;Arraial do Cabo;RJ;6
;Barra Mansa;RJ;32
;Barra do Piraí;RJ;32
;Belford Roxo;RJ;20
;Bom Jardim;RJ;22
;Bom Jesus do Itabapoana;RJ;14
;Cabo Frio;RJ;14
;Cachoeiras de Macacu;RJ;22
;Cambuci;RJ;18
;Campos dos Goytacazes;RJ;16
;Cantagalo;RJ;20
;Carapebus;RJ;12
;Cardoso Moreira;RJ;12
;Carmo;RJ;20
;Casimiro de Abreu;RJ;20
;Comendador Levy Gasparian;RJ;26
;Conceição de Macabu;RJ;16
;Cordeiro;RJ;20
;Duas Barras;RJ;22
;Duque de Caxias;RJ;22
;Engenheiro Paulo de Frontin;RJ;26
;Guapimirim;RJ;22
;Iguaba Grande;RJ;10
;Itaboraí;RJ;22
;Itaguaí;RJ;22
;Italva;RJ;12
;Itaocara;RJ;18
;Itaperuna;RJ;14
;Itatiaia;RJ;24
;Japeri;RJ;22
;Laje do Muriaé;RJ;16
;Macaé;RJ;20
;Macuco;RJ;20
;Magé;RJ;22
;Mangaratiba;RJ;16
;Maricá;RJ;16
;Mendes;RJ;28
;Mesquita;RJ;20
;Miguel Pereira;RJ;24
;Miracema;RJ;16
;Natividade;RJ;14
;Nilópolis;RJ;20
;Niterói;RJ;18
;Nova Friburgo;RJ;22
;Nova Iguaçu;RJ;22
;Paracambi;RJ;24
;Paraty;RJ;16
;Paraíba do Sul;RJ;26
;Paty do Alferes;RJ;22
;Petrópolis;RJ;20
;Pinheiral;RJ;28
;Piraí;RJ;28
;Porciúncula;RJ;14
;Porto Real;RJ;28
;Quatis;RJ;30
;Queimados;RJ;20
;Quissamã;RJ;10
;Resende;RJ;30
;Rio Bonito;RJ;20
;Rio Claro;RJ;24
;Rio das Flores;RJ;30
;Rio das Ostras;RJ;16
;Rio de Janeiro;RJ;20
;Santa Maria Madalena;RJ;16
;Santo Antônio de Pádua;RJ;18
;Sapucaia;RJ;20
;Saquarema;RJ;14
;Seropédica;RJ;22
;Silva Jardim;RJ;22
;Sumidouro;RJ;22
;São Fidélis;RJ;16
;São Francisco de Itabapoana;RJ;8
;São Gonçalo;RJ;20
;São José de Ubá;RJ;14
;São José do Vale do Rio Preto;RJ;20
;São João da Barra;RJ;6
;São João de Meriti;RJ;20
;São Pedro da Aldeia;RJ;10
;São Sebastião do Alto;RJ;18
;Tanguá;RJ;20
;Teresópolis;RJ;22
;Trajano de Moraes;RJ;20
;Três Rios;RJ;22
;Valença;RJ;30
;Varre-Sai;RJ;14
;Vassouras;RJ;28
;Volta Redonda;RJ;30
;Acari;RN;8
;Afonso Bezerra;RN;8
;Alexandria;RN;6
;Almino Afonso;RN;6
;Alto do Rodrigues;RN;8
;Angicos;RN;8
;Antônio Martins;RN;6
;Apodi;RN;6
;Areia Branca;RN;6
;Arês;RN;2
;Açu;RN;10
;Baraúna;RN;6
;Barcelona;RN;2
;Baía Formosa;RN;2
;Bento Fernandes;RN;2
;Bodó;RN;6
;Bom Jesus;RN;2
;Brejinho;RN;2
;Caicó;RN;8
;Caiçara do Norte;RN;4
;Caiçara do Rio do Vento;RN;4
;Campo Grande;RN;6
;Campo Redondo;RN;4
;Canguaretama;RN;2
;Caraúbas;RN;6
;Carnaubais;RN;6
;Carnaúba dos Dantas;RN;6
;Ceará-Mirim;RN;2
;Cerro Corá;RN;4
;Coronel Ezequiel;RN;4
;Coronel João Pessoa;RN;6
;Cruzeta;RN;8
;Currais Novos;RN;6
;Doutor Severiano;RN;6
;Encanto;RN;6
;Equador;RN;6
;Espírito Santo;RN;2
;Extremoz;RN;2
;Felipe Guerra;RN;6
;Fernando Pedroza;RN;6
;Florânia;RN;8
;Francisco Dantas;RN;6
;Frutuoso Gomes;RN;6
;Galinhos;RN;4
;Goianinha;RN;2
;Governador Dix-Sept Rosado;RN;8
;Grossos;RN;6
;Guamaré;RN;4
;Ielmo Marinho;RN;2
;Ipanguaçu;RN;10
;Ipueira;RN;10
;Itajá;RN;10
;Itaú;RN;6
;Jandaíra;RN;4
;Janduís;RN;6
;Januário Cicco;RN;2
;Japi;RN;2
;Jardim de Angicos;RN;4
;Jardim de Piranhas;RN;6
;Jardim do Seridó;RN;10
;Jaçanã;RN;4
;José da Penha;RN;6
;João Câmara;RN;2
;João Dias;RN;6
;Jucurutu;RN;8
;Jundiá;RN;2
;Lagoa Nova;RN;6
;Lagoa Salgada;RN;2
;Lagoa de Pedras;RN;2
;Lagoa de Velhos;RN;2
;Lagoa d’Anta;RN;2
;Lajes;RN;4
;Lajes Pintadas;RN;4
;Lucrécia;RN;6
;Luís Gomes;RN;6
;Macau;RN;6
;Macaíba;RN;2
;Major Sales;RN;6
;Marcelino Vieira;RN;6
;Martins;RN;6
;Maxaranguape;RN;2
;Messias Targino;RN;6
;Montanhas;RN;2
;Monte Alegre;RN;2
;Monte das Gameleiras;RN;2
;Mossoró;RN;8
;Natal;RN;2
;Nova Cruz;RN;2
;Nísia Floresta;RN;2
;Olho d’Água do Borges;RN;6
;Ouro Branco;RN;8
;Paraná;RN;6
;Parazinho;RN;4
;Paraú;RN;8
;Parelhas;RN;6
;Parnamirim;RN;2
;Passa e Fica;RN;2
;Passagem;RN;2
;Patu;RN;6
;Pau dos Ferros;RN;6
;Pedra Grande;RN;2
;Pedra Preta;RN;4
;Pedro Avelino;RN;6
;Pedro Velho;RN;2
;Pendências;RN;8
;Pilões;RN;6
;Portalegre;RN;6
;Porto do Mangue;RN;4
;Poço Branco;RN;2
;Pureza;RN;2
;Rafael Fernandes;RN;6
;Rafael Godeiro;RN;6
;Riacho da Cruz;RN;6
;Riacho de Santana;RN;6
;Riachuelo;RN;2
;Rio do Fogo;RN;2
;Rodolfo Fernandes;RN;6
;Ruy Barbosa;RN;2
;Santa Cruz;RN;4
;Santa Maria;RN;2
;Santana do Matos;RN;8
;Santana do Seridó;RN;8
;Santo Antônio;RN;2
;Senador Elói de Souza;RN;2
;Senador Georgino Avelino;RN;2
;Serra Caiada;RN;2
;Serra Negra do Norte;RN;10
;Serra de São Bento;RN;2
;Serra do Mel;RN;6
;Serrinha;RN;2
;Serrinha dos Pintos;RN;6
;Severiano Melo;RN;6
;São Bento do Norte;RN;4
;São Bento do Trairí;RN;2
;São Fernando;RN;6
;São Francisco do Oeste;RN;6
;São Gonçalo do Amarante;RN;2
;São José de Mipibu;RN;2
;São José do Campestre;RN;2
;São José do Seridó;RN;10
;São João do Sabugi;RN;10
;São Miguel;RN;6
;São Miguel do Gostoso;RN;2
;São Paulo do Potengi;RN;2
;São Pedro;RN;2
;São Rafael;RN;10
;São Tomé;RN;4
;São Vicente;RN;8
;Sítio Novo;RN;2
;Taboleiro Grande;RN;6
;Taipu;RN;2
;Tangará;RN;2
;Tenente Ananias;RN;6
;Tenente Laurentino Cruz;RN;8
;Tibau;RN;4
;Tibau do Sul;RN;2
;Timbaúba dos Batistas;RN;8
;Touros;RN;2
;Triunfo Potiguar;RN;8
;Umarizal;RN;6
;Upanema;RN;8
;Venha-Ver;RN;4
;Vera Cruz;RN;2
;Vila Flor;RN;2
;Viçosa;RN;6
;Várzea;RN;2
;Água Nova;RN;6
;Alta Floresta D’Oeste;RO;16
;Alto Alegre dos Parecis;RO;16
;Alto Paraíso;RO;16
;Alvorada D’Oeste;RO;16
;Ariquemes;RO;14
;Buritis;RO;18
;Cabixi;RO;14
;Cacaulândia;RO;12
;Cacoal;RO;12
;Campo Novo de Rondônia;RO;16
;Candeias do Jamari;RO;18
;Castanheiras;RO;14
;Cerejeiras;RO;18
;Chupinguaia;RO;16
;Colorado do Oeste;RO;16
;Corumbiara;RO;16
;Costa Marques;RO;14
;Cujubim;RO;16
;Espigão D’Oeste;RO;12
;Governador Jorge Teixeira;RO;14
;Guajará-Mirim;RO;18
;Itapuã do Oeste;RO;16
;Jaru;RO;14
;Ji-Paraná;RO;16
;Machadinho d’Oeste;RO;22
;Ministro Andreazza;RO;14
;Mirante da Serra;RO;16
;Monte Negro;RO;14
;Nova Brasilândia d’Oeste;RO;14
;Nova Mamoré;RO;18
;Nova União;RO;14
;Novo Horizonte do Oeste;RO;14
;Ouro Preto do Oeste;RO;16
;Parecis;RO;14
;Pimenta Bueno;RO;14
;Pimenteiras do Oeste;RO;16
;Porto Velho;RO;18
;Presidente Médici;RO;16
;Primavera de Rondônia;RO;12
;Rio Crespo;RO;14
;Rolim de Moura;RO;14
;Santa Luzia d’Oeste;RO;16
;Seringueiras;RO;14
;São Felipe d’Oeste;RO;12
;São Francisco do Guaporé;RO;16
;São Miguel do Guaporé;RO;16
;Teixeirópolis;RO;16
;Theobroma;RO;14
;Urupá;RO;16
;Vale do Anari;RO;14
;Vale do Paraíso;RO;14
;Vilhena;RO;16
;Alto Alegre;RR;10
;Amajari;RR;12
;Boa Vista;RR;10
;Bonfim;RR;10
;Cantá;RR;10
;Caracaraí;RR;20
;Caroebe;RR;14
;Iracema;RR;12
;Mucajaí;RR;10
;Normandia;RR;8
;Pacaraima;RR;12
;Rorainópolis;RR;20
;São João da Baliza;RR;14
;São Luiz;RR;14
;Uiramutã;RR;8
;Aceguá;RS;16
;Agudo;RS;18
;Ajuricaba;RS;24
;Alecrim;RS;24
;Alegrete;RS;26
;Alegria;RS;20
;Almirante Tamandaré do Sul;RS;16
;Alpestre;RS;18
;Alto Alegre;RS;16
;Alto Feliz;RS;14
;Alvorada;RS;12
;Amaral Ferrador;RS;16
;Ametista do Sul;RS;18
;André da Rocha;RS;14
;Anta Gorda;RS;18
;Antônio Prado;RS;14
;Arambaré;RS;12
;Araricá;RS;14
;Aratiba;RS;18
;Arroio Grande;RS;16
;Arroio do Meio;RS;20
;Arroio do Padre;RS;14
;Arroio do Sal;RS;14
;Arroio do Tigre;RS;18
;Arroio dos Ratos;RS;12
;Arvorezinha;RS;18
;Augusto Pestana;RS;26
;Bagé;RS;18
;Balneário Pinhal;RS;10
;Barra Funda;RS;16
;Barra do Guarita;RS;22
;Barra do Quaraí;RS;24
;Barra do Ribeiro;RS;14
;Barra do Rio Azul;RS;18
;Barracão;RS;14
;Barros Cassal;RS;16
;Barão;RS;14
;Barão de Cotegipe;RS;18
;Barão do Triunfo;RS;14
;Benjamin Constant do Sul;RS;16
;Bento Gonçalves;RS;16
;Boa Vista das Missões;RS;18
;Boa Vista do Buricá;RS;20
;Boa Vista do Cadeado;RS;26
;Boa Vista do Incra;RS;22
;Boa Vista do Sul;RS;16
;Bom Jesus;RS;12
;Bom Princípio;RS;14
;Bom Progresso;RS;20
;Bom Retiro do Sul;RS;18
;Boqueirão do Leão;RS;18
;Bossoroca;RS;28
;Bozano;RS;26
;Braga;RS;20
;Brochier;RS;14
;Butiá;RS;16
;Cacequi;RS;22
;Cachoeira do Sul;RS;18
;Cachoeirinha;RS;12
;Cacique Doble;RS;14
;Caibaté;RS;24
;Caiçara;RS;22
;Camaquã;RS;14
;Camargo;RS;18
;Cambará do Sul;RS;14
;Campestre da Serra;RS;12
;Campina das Missões;RS;24
;Campinas do Sul;RS;16
;Campo Bom;RS;14
;Campo Novo;RS;20
;Campos Borges;RS;18
;Candelária;RS;16
;Candiota;RS;14
;Canela;RS;12
;Canguçu;RS;16
;Canoas;RS;14
;Canudos do Vale;RS;20
;Capela de Santana;RS;14
;Capitão;RS;20
;Capivari do Sul;RS;10
;Capão Bonito do Sul;RS;12
;Capão da Canoa;RS;14
;Capão do Cipó;RS;28
;Capão do Leão;RS;12
;Carazinho;RS;18
;Caraá;RS;14
;Carlos Barbosa;RS;14
;Carlos Gomes;RS;16
;Casca;RS;20
;Caseiros;RS;16
;Catuípe;RS;24
;Caxias do Sul;RS;14
;Caçapava do Sul;RS;20
;Centenário;RS;18
;Cerrito;RS;14
;Cerro Branco;RS;16
;Cerro Grande;RS;16
;Cerro Grande do Sul;RS;12
;Cerro Largo;RS;26
;Chapada;RS;16
;Charqueadas;RS;14
;Charrua;RS;18
;Chiapetta;RS;22
;Chuvisca;RS;14
;Chuí;RS;10
;Cidreira;RS;12
;Ciríaco;RS;18
;Colinas;RS;20
;Colorado;RS;16
;Condor;RS;22
;Constantina;RS;16
;Coqueiro Baixo;RS;20
;Coqueiros do Sul;RS;18
;Coronel Barros;RS;26
;Coronel Bicaco;RS;20
;Coronel Pilar;RS;16
;Cotiporã;RS;16
;Coxilha;RS;18
;Crissiumal;RS;20
;Cristal;RS;14
;Cristal do Sul;RS;18
;Cruz Alta;RS;26
;Cruzaltense;RS;16
;Cruzeiro do Sul;RS;20
;Cândido Godói;RS;24
;David Canabarro;RS;16
;Derrubadas;RS;22
;Dezesseis de Novembro;RS;24
;Dilermando de Aguiar;RS;20
;Dois Irmãos;RS;14
;Dois Irmãos das Missões;RS;18
;Dois Lajeados;RS;18
;Dom Feliciano;RS;18
;Dom Pedrito;RS;18
;Dom Pedro de Alcântara;RS;14
;Dona Francisca;RS;18
;Doutor Maurício Cardoso;RS;22
;Doutor Ricardo;RS;18
;Eldorado do Sul;RS;14
;Encantado;RS;18
;Encruzilhada do Sul;RS;18
;Engenho Velho;RS;16
;Entre Rios do Sul;RS;16
;Entre-Ijuís;RS;26
;Erebango;RS;18
;Erechim;RS;18
;Ernestina;RS;18
;Erval Grande;RS;18
;Erval Seco;RS;20
;Esmeralda;RS;12
;Esperança do Sul;RS;22
;Espumoso;RS;16
;Estação;RS;18
;Esteio;RS;14
;Estrela;RS;20
;Estrela Velha;RS;20
;Estância Velha;RS;14
;Eugênio de Castro;RS;26
;Fagundes Varela;RS;18
;Farroupilha;RS;14
;Faxinal do Soturno;RS;20
;Faxinalzinho;RS;16
;Fazenda Vilanova;RS;18
;Feliz;RS;14
;Flores da Cunha;RS;14
;Floriano Peixoto;RS;18
;Fontoura Xavier;RS;18
;Formigueiro;RS;18
;Forquetinha;RS;20
;Fortaleza dos Valos;RS;22
;Frederico Westphalen;RS;20
;Garibaldi;RS;16
;Garruchos;RS;30
;Gaurama;RS;18
;General Câmara;RS;16
;Gentil;RS;18
;Getúlio Vargas;RS;18
;Giruá;RS;24
;Glorinha;RS;14
;Gramado;RS;14
;Gramado Xavier;RS;16
;Gramado dos Loureiros;RS;16
;Gravataí;RS;14
;Guabiju;RS;16
;Guaporé;RS;18
;Guarani das Missões;RS;24
;Guaíba;RS;14
;Harmonia;RS;14
;Herval;RS;18
;Herveiras;RS;16
;Horizontina;RS;22
;Hulha Negra;RS;16
;Humaitá;RS;20
;Ibarama;RS;18
;Ibiaçá;RS;16
;Ibiraiaras;RS;14
;Ibirapuitã;RS;16
;Ibirubá;RS;20
;Igrejinha;RS;14
;Ijuí;RS;26
;Ilópolis;RS;18
;Imbé;RS;14
;Imigrante;RS;18
;Independência;RS;22
;Inhacorá;RS;22
;Ipiranga do Sul;RS;18
;Ipê;RS;14
;Iraí;RS;18
;Itaara;RS;22
;Itacurubi;RS;28
;Itapuca;RS;18
;Itaqui;RS;26
;Itati;RS;14
;Itatiba do Sul;RS;18
;Ivorá;RS;22
;Ivoti;RS;14
;Jaboticaba;RS;16
;Jacuizinho;RS;18
;Jacutinga;RS;16
;Jaguari;RS;24
;Jaguarão;RS;18
;Jaquirana;RS;12
;Jari;RS;26
;Joia;RS;26
;Júlio de Castilhos;RS;24
;Lagoa Bonita do Sul;RS;16
;Lagoa Mirim;RS;12
;Lagoa Vermelha;RS;14
;Lagoa dos Patos;RS;14
;Lagoa dos Três Cantos;RS;16
;Lagoão;RS;18
;Lajeado;RS;20
;Lajeado do Bugre;RS;16
;Lavras do Sul;RS;20
;Liberato Salzano;RS;16
;Lindolfo Collor;RS;14
;Linha Nova;RS;14
;Machadinho;RS;14
;Mampituba;RS;14
;Manoel Viana;RS;22
;Maquiné;RS;14
;Maratá;RS;14
;Marau;RS;18
;Marcelino Ramos;RS;18
;Mariana Pimentel;RS;14
;Mariano Moro;RS;18
;Marques de Souza;RS;20
;Mata;RS;24
;Mato Castelhano;RS;18
;Mato Leitão;RS;20
;Mato Queimado;RS;24
;Maximiliano de Almeida;RS;16
;Maçambará;RS;26
;Minas do Leão;RS;16
;Miraguaí;RS;20
;Montauri;RS;20
;Monte Alegre dos Campos;RS;12
;Monte Belo do Sul;RS;16
;Montenegro;RS;14
;Mormaço;RS;14
;Morrinhos do Sul;RS;14
;Morro Redondo;RS;14
;Morro Reuter;RS;14
;Mostardas;RS;12
;Muitos Capões;RS;12
;Muliterno;RS;16
;Muçum;RS;18
;Nicolau Vergueiro;RS;16
;Nonoai;RS;18
;Nova Alvorada;RS;20
;Nova Araçá;RS;18
;Nova Bassano;RS;18
;Nova Boa Vista;RS;16
;Nova Bréscia;RS;20
;Nova Candelária;RS;20
;Nova Esperança do Sul;RS;26
;Nova Hartz;RS;16
;Nova Palma;RS;20
;Nova Petrópolis;RS;14
;Nova Prata;RS;16
;Nova Pádua;RS;14
;Nova Ramada;RS;22
;Nova Roma do Sul;RS;14
;Nova Santa Rita;RS;14
;Novo Barreiro;RS;16
;Novo Cabrais;RS;16
;Novo Hamburgo;RS;14
;Novo Machado;RS;24
;Novo Tiradentes;RS;16
;Novo Xingu;RS;16
;Não-Me-Toque;RS;16
;Osório;RS;14
;Paim Filho;RS;16
;Palmares do Sul;RS;10
;Palmeira das Missões;RS;20
;Palmitinho;RS;22
;Panambi;RS;24
;Paraí;RS;18
;Paraíso do Sul;RS;16
;Pareci Novo;RS;14
;Parobé;RS;16
;Passa Sete;RS;16
;Passo Fundo;RS;18
;Passo do Sobrado;RS;16
;Paulo Bento;RS;16
;Paverama;RS;16
;Pedras Altas;RS;16
;Pedro Osório;RS;16
;Pejuçara;RS;24
;Pelotas;RS;14
;Picada Café;RS;14
;Pinhal;RS;16
;Pinhal Grande;RS;20
;Pinhal da Serra;RS;12
;Pinheirinho do Vale;RS;22
;Pinheiro Machado;RS;16
;Pinto Bandeira;RS;14
;Pirapó;RS;26
;Piratini;RS;16
;Planalto;RS;18
;Ponte Preta;RS;16
;Pontão;RS;18
;Porto Alegre;RS;14
;Porto Lucena;RS;24
;Porto Mauá;RS;24
;Porto Vera Cruz;RS;24
;Porto Xavier;RS;24
;Portão;RS;14
;Pouso Novo;RS;18
;Poço das Antas;RS;16
;Presidente Lucena;RS;14
;Progresso;RS;20
;Protásio Alves;RS;14
;Putinga;RS;18
;Pântano Grande;RS;18
;Quaraí;RS;24
;Quatro Irmãos;RS;18
;Quevedos;RS;22
;Quinze de Novembro;RS;20
;Redentora;RS;20
;Relvado;RS;18
;Restinga Seca;RS;18
;Rio Grande;RS;12
;Rio Pardo;RS;18
;Rio dos Índios;RS;18
;Riozinho;RS;14
;Roca Sales;RS;18
;Rodeio Bonito;RS;16
;Rolador;RS;26
;Rolante;RS;14
;Ronda Alta;RS;16
;Rondinha;RS;16
;Roque Gonzales;RS;26
;Rosário do Sul;RS;22
;Sagrada Família;RS;16
;Saldanha Marinho;RS;16
;Salto do Jacuí;RS;22
;Salvador das Missões;RS;26
;Salvador do Sul;RS;14
;Sananduva;RS;16
;Santa Bárbara do Sul;RS;20
;Santa Cecília do Sul;RS;16
;Santa Clara do Sul;RS;20
;Santa Cruz do Sul;RS;18
;Santa Margarida do Sul;RS;18
;Santa Maria;RS;22
;Santa Maria do Herval;RS;14
;Santa Rosa;RS;24
;Santa Tereza;RS;16
;Santa Vitória do Palmar;RS;12
;Santana da Boa Vista;RS;18
;Santiago;RS;28
;Santo Antônio da Patrulha;RS;14
;Santo Antônio das Missões;RS;28
;Santo Antônio do Palma;RS;18
;Santo Antônio do Planalto;RS;18
;Santo Augusto;RS;22
;Santo Cristo;RS;24
;Santo Expedito do Sul;RS;14
;Santo Ângelo;RS;24
;Sant’Ana do Livramento;RS;22
;Sapiranga;RS;14
;Sapucaia do Sul;RS;14
;Sarandi;RS;16
;Seberi;RS;18
;Sede Nova;RS;20
;Segredo;RS;18
;Selbach;RS;16
;Senador Salgado Filho;RS;24
;Sentinela do Sul;RS;12
;Serafina Corrêa;RS;20
;Sertão;RS;18
;Sertão Santana;RS;12
;Sete de Setembro;RS;24
;Severiano de Almeida;RS;18
;Silveira Martins;RS;20
;Sinimbu;RS;18
;Sobradinho;RS;16
;Soledade;RS;18
;São Borja;RS;32
;São Domingos do Sul;RS;18
;São Francisco de Assis;RS;28
;São Francisco de Paula;RS;14
;São Gabriel;RS;20
;São Jerônimo;RS;16
;São Jorge;RS;16
;São José das Missões;RS;16
;São José do Herval;RS;18
;São José do Hortêncio;RS;14
;São José do Inhacorá;RS;20
;São José do Norte;RS;12
;São José do Ouro;RS;14
;São José do Sul;RS;14
;São José dos Ausentes;RS;14
;São João da Urtiga;RS;16
;São João do Polêsine;RS;18
;São Leopoldo;RS;14
;São Lourenço do Sul;RS;16
;São Luiz Gonzaga;RS;26
;São Marcos;RS;12
;São Martinho;RS;20
;São Martinho da Serra;RS;24
;São Miguel das Missões;RS;26
;São Nicolau;RS;26
;São Paulo das Missões;RS;24
;São Pedro da Serra;RS;14
;São Pedro das Missões;RS;16
;São Pedro do Butiá;RS;26
;São Pedro do Sul;RS;22
;São Sebastião do Caí;RS;14
;São Sepé;RS;18
;São Valentim;RS;16
;São Valentim do Sul;RS;18
;São Valério do Sul;RS;20
;São Vendelino;RS;14
;São Vicente do Sul;RS;22
;Sério;RS;20
;Tabaí;RS;16
;Tapejara;RS;18
;Tapera;RS;16
;Tapes;RS;14
;Taquara;RS;16
;Taquari;RS;16
;Taquaruçu do Sul;RS;20
;Tavares;RS;12
;Tenente Portela;RS;22
;Terra de Areia;RS;14
;Teutônia;RS;18
;Tio Hugo;RS;16
;Tiradentes do Sul;RS;20
;Toropi;RS;24
;Torres;RS;14
;Tramandaí;RS;12
;Travesseiro;RS;20
;Trindade do Sul;RS;16
;Triunfo;RS;14
;Três Arroios;RS;18
;Três Cachoeiras;RS;14
;Três Coroas;RS;14
;Três Forquilhas;RS;14
;Três Palmeiras;RS;16
;Três Passos;RS;22
;Três de Maio;RS;22
;Tucunduva;RS;24
;Tunas;RS;18
;Tupanci do Sul;RS;12
;Tupanciretã;RS;26
;Tupandi;RS;14
;Tuparendi;RS;24
;Turuçu;RS;14
;Ubiretama;RS;24
;Unistalda;RS;28
;União da Serra;RS;20
;Uruguaiana;RS;26
;Vacaria;RS;12
;Vale Real;RS;14
;Vale Verde;RS;16
;Vale do Sol;RS;16
;Vanini;RS;16
;Venâncio Aires;RS;20
;Vera Cruz;RS;16
;Veranópolis;RS;16
;Vespasiano Corrêa;RS;18
;Viadutos;RS;16
;Viamão;RS;12
;Vicente Dutra;RS;22
;Victor Graeff;RS;16
;Vila Flores;RS;16
;Vila Lângaro;RS;18
;Vila Maria;RS;20
;Vila Nova do Sul;RS;18
;Vista Alegre;RS;22
;Vista Alegre do Prata;RS;18
;Vista Gaúcha;RS;22
;Vitória das Missões;RS;24
;Westfália;RS;16
;Xangri-lá;RS;14
;Água Santa;RS;18
;Áurea;RS;18
;Abdon Batista;SC;14
;Abelardo Luz;SC;18
;Agrolândia;SC;14
;Agronômica;SC;14
;Alfredo Wagner;SC;16
;Alto Bela Vista;SC;16
;Anchieta;SC;22
;Angelina;SC;20
;Anita Garibaldi;SC;14
;Anitápolis;SC;16
;Antônio Carlos;SC;20
;Apiúna;SC;18
;Arabutã;SC;18
;Araquari;SC;18
;Araranguá;SC;12
;Armazém;SC;16
;Arroio Trinta;SC;18
;Arvoredo;SC;18
;Ascurra;SC;18
;Atalanta;SC;14
;Aurora;SC;16
;Balneário Arroio do Silva;SC;12
;Balneário Barra do Sul;SC;16
;Balneário Camboriú;SC;16
;Balneário Gaivota;SC;12
;Balneário Piçarras;SC;16
;Balneário Rincão;SC;12
;Bandeirante;SC;22
;Barra Bonita;SC;20
;Barra Velha;SC;16
;Bela Vista do Toldo;SC;14
;Belmonte;SC;22
;Benedito Novo;SC;16
;Biguaçu;SC;18
;Blumenau;SC;18
;Bocaina do Sul;SC;14
;Bom Jardim da Serra;SC;12
;Bom Jesus;SC;18
;Bom Jesus do Oeste;SC;18
;Bom Retiro;SC;14
;Bombinhas;SC;16
;Botuverá;SC;18
;Braço do Norte;SC;16
;Braço do Trombudo;SC;14
;Brunópolis;SC;16
;Brusque;SC;18
;Caibi;SC;20
;Calmon;SC;18
;Camboriú;SC;18
;Campo Alegre;SC;16
;Campo Belo do Sul;SC;14
;Campo Erê;SC;22
;Campos Novos;SC;16
;Canelinha;SC;18
;Canoinhas;SC;14
;Capinzal;SC;16
;Capivari de Baixo;SC;14
;Capão Alto;SC;12
;Catanduvas;SC;18
;Caxambu do Sul;SC;18
;Caçador;SC;18
;Celso Ramos;SC;14
;Cerro Negro;SC;14
;Chapadão do Lageado;SC;14
;Chapecó;SC;20
;Cocal do Sul;SC;14
;Concórdia;SC;18
;Cordilheira Alta;SC;20
;Coronel Freitas;SC;20
;Coronel Martins;SC;18
;Correia Pinto;SC;16
;Corupá;SC;18
;Criciúma;SC;14
;Cunha Porã;SC;20
;Cunhataí;SC;18
;Curitibanos;SC;18
;Descanso;SC;22
;Dionísio Cerqueira;SC;22
;Dona Emma;SC;16
;Doutor Pedrinho;SC;14
;Entre Rios;SC;20
;Ermo;SC;14
;Erval Velho;SC;16
;Faxinal dos Guedes;SC;18
;Flor do Sertão;SC;20
;Florianópolis;SC;16
;Formosa do Sul;SC;20
;Forquilhinha;SC;14
;Fraiburgo;SC;18
;Frei Rogério;SC;18
;Galvão;SC;18
;Garopaba;SC;12
;Garuva;SC;14
;Gaspar;SC;18
;Governador Celso Ramos;SC;16
;Gravatal;SC;16
;Grão-Pará;SC;16
;Guabiruba;SC;18
;Guaraciaba;SC;20
;Guaramirim;SC;18
;Guarujá do Sul;SC;22
;Guatambú;SC;18
;Herval d’Oeste;SC;16
;Ibiam;SC;16
;Ibicaré;SC;16
;Ibirama;SC;18
;Ilhota;SC;16
;Imaruí;SC;14
;Imbituba;SC;14
;Imbuia;SC;16
;Indaial;SC;18
;Iomerê;SC;18
;Ipira;SC;16
;Iporã do Oeste;SC;22
;Ipuaçu;SC;18
;Ipumirim;SC;18
;Iraceminha;SC;20
;Irani;SC;18
;Irati;SC;20
;Irineópolis;SC;16
;Itaiópolis;SC;16
;Itajaí;SC;18
;Itapema;SC;16
;Itapiranga;SC;24
;Itapoá;SC;14
;Ituporanga;SC;16
;Itá;SC;18
;Içara;SC;14
;Jaborá;SC;18
;Jacinto Machado;SC;14
;Jaguaruna;SC;14
;Jaraguá do Sul;SC;18
;Jardinópolis;SC;20
;Joaçaba;SC;16
;Joinville;SC;18
;José Boiteux;SC;16
;Jupiá;SC;18
;Lacerdópolis;SC;16
;Lages;SC;14
;Laguna;SC;14
;Lajeado Grande;SC;20
;Laurentino;SC;16
;Lauro Müller;SC;14
;Lebon Régis;SC;18
;Leoberto Leal;SC;18
;Lindoia do Sul;SC;18
;Lontras;SC;18
;Luiz Alves;SC;18
;Luzerna;SC;16
;Macieira;SC;18
;Mafra;SC;14
;Major Gercino;SC;20
;Major Vieira;SC;16
;Maracajá;SC;12
;Maravilha;SC;20
;Marema;SC;20
;Massaranduba;SC;18
;Matos Costa;SC;18
;Meleiro;SC;12
;Mirim Doce;SC;16
;Modelo;SC;20
;Mondaí;SC;22
;Monte Carlo;SC;16
;Monte Castelo;SC;16
;Morro Grande;SC;14
;Morro da Fumaça;SC;14
;Navegantes;SC;16
;Nova Erechim;SC;20
;Nova Itaberaba;SC;20
;Nova Trento;SC;20
;Nova Veneza;SC;14
;Novo Horizonte;SC;20
;Orleans;SC;14
;Otacílio Costa;SC;14
;Ouro;SC;16
;Ouro Verde;SC;18
;Paial;SC;18
;Painel;SC;14
;Palhoça;SC;18
;Palma Sola;SC;22
;Palmeira;SC;14
;Palmitos;SC;18
;Papanduva;SC;16
;Paraíso;SC;20
;Passo de Torres;SC;14
;Passos Maia;SC;18
;Paulo Lopes;SC;16
;Pedras Grandes;SC;16
;Penha;SC;16
;Peritiba;SC;16
;Pescaria Brava;SC;14
;Petrolândia;SC;14
;Pinhalzinho;SC;20
;Pinheiro Preto;SC;16
;Piratuba;SC;16
;Planalto Alegre;SC;18
;Pomerode;SC;18
;Ponte Alta;SC;16
;Ponte Alta do Norte;SC;18
;Ponte Serrada;SC;18
;Porto Belo;SC;18
;Porto União;SC;16
;Pouso Redondo;SC;16
;Praia Grande;SC;14
;Presidente Castello Branco;SC;18
;Presidente Getúlio;SC;16
;Presidente Nereu;SC;18
;Princesa;SC;20
;Quilombo;SC;20
;Rancho Queimado;SC;18
;Rio Fortuna;SC;16
;Rio Negrinho;SC;14
;Rio Rufino;SC;12
;Rio das Antas;SC;18
;Rio do Campo;SC;16
;Rio do Oeste;SC;16
;Rio do Sul;SC;16
;Rio dos Cedros;SC;18
;Riqueza;SC;20
;Rodeio;SC;18
;Romelândia;SC;20
;Salete;SC;16
;Saltinho;SC;18
;Salto Veloso;SC;18
;Sangão;SC;14
;Santa Cecília;SC;18
;Santa Helena;SC;22
;Santa Rosa de Lima;SC;16
;Santa Rosa do Sul;SC;14
;Santa Terezinha;SC;16
;Santa Terezinha do Progresso;SC;20
;Santiago do Sul;SC;20
;Santo Amaro da Imperatriz;SC;18
;Saudades;SC;18
;Schroeder;SC;18
;Seara;SC;18
;Serra Alta;SC;18
;Siderópolis;SC;14
;Sombrio;SC;14
;Sul Brasil;SC;20
;São Bento do Sul;SC;18
;São Bernardino;SC;18
;São Bonifácio;SC;16
;São Carlos;SC;18
;São Cristóvão do Sul;SC;18
;São Domingos;SC;18
;São Francisco do Sul;SC;16
;São Joaquim;SC;12
;São José;SC;18
;São José do Cedro;SC;22
;São José do Cerrito;SC;16
;São João Batista;SC;20
;São João do Itaperiú;SC;16
;São João do Oeste;SC;24
;São João do Sul;SC;14
;São Lourenço do Oeste;SC;20
;São Ludgero;SC;16
;São Martinho;SC;16
;São Miguel da Boa Vista;SC;20
;São Miguel do Oeste;SC;20
;São Pedro de Alcântara;SC;18
;Taió;SC;16
;Tangará;SC;16
;Tigrinhos;SC;20
;Tijucas;SC;18
;Timbé do Sul;SC;14
;Timbó;SC;18
;Timbó Grande;SC;16
;Treviso;SC;14
;Treze Tílias;SC;18
;Treze de Maio;SC;14
;Trombudo Central;SC;14
;Três Barras;SC;14
;Tubarão;SC;16
;Tunápolis;SC;24
;Turvo;SC;14
;União do Oeste;SC;20
;Urubici;SC;14
;Urupema;SC;12
;Urussanga;SC;14
;Vargem;SC;14
;Vargem Bonita;SC;18
;Vargeão;SC;18
;Vidal Ramos;SC;18
;Videira;SC;18
;Vitor Meireles;SC;16
;Witmarsum;SC;16
;Xanxerê;SC;18
;Xavantina;SC;18
;Xaxim;SC;20
;Zortéa;SC;14
;Água Doce;SC;18
;Águas Frias;SC;20
;Águas Mornas;SC;18
;Águas de Chapecó;SC;18
;Amparo do São Francisco;SE;2
;Aquidabã;SE;4
;Aracaju;SE;2
;Arauá;SE;2
;Areia Branca;SE;2
;Barra dos Coqueiros;SE;2
;Boquim;SE;2
;Brejo Grande;SE;2
;Campo do Brito;SE;2
;Canhoba;SE;4
;Canindé de São Francisco;SE;4
;Capela;SE;4
;Carira;SE;4
;Carmópolis;SE;2
;Cedro de São João;SE;2
;Cristinápolis;SE;2
;Cumbe;SE;4
;Divina Pastora;SE;2
;Estância;SE;2
;Feira Nova;SE;4
;Frei Paulo;SE;4
;Gararu;SE;4
;General Maynard;SE;2
;Gracho Cardoso;SE;4
;Ilha das Flores;SE;2
;Indiaroba;SE;2
;Itabaiana;SE;2
;Itabaianinha;SE;4
;Itabi;SE;4
;Itaporanga d’Ajuda;SE;2
;Japaratuba;SE;2
;Japoatã;SE;2
;Lagarto;SE;4
;Laranjeiras;SE;2
;Macambira;SE;2
;Malhada dos Bois;SE;2
;Malhador;SE;2
;Maruim;SE;2
;Moita Bonita;SE;2
;Monte Alegre de Sergipe;SE;4
;Muribeca;SE;2
;Neópolis;SE;2
;Nossa Senhora Aparecida;SE;4
;Nossa Senhora da Glória;SE;4
;Nossa Senhora das Dores;SE;4
;Nossa Senhora de Lourdes;SE;2
;Nossa Senhora do Socorro;SE;2
;Pacatuba;SE;2
;Pedra Mole;SE;2
;Pedrinhas;SE;2
;Pinhão;SE;2
;Pirambu;SE;2
;Porto da Folha;SE;4
;Poço Redondo;SE;4
;Poço Verde;SE;4
;Propriá;SE;2
;Riachuelo;SE;2
;Riachão do Dantas;SE;4
;Ribeirópolis;SE;4
;Rosário do Catete;SE;2
;Salgado;SE;2
;Santa Luzia do Itanhy;SE;2
;Santa Rosa de Lima;SE;2
;Santana do São Francisco;SE;2
;Santo Amaro das Brotas;SE;2
;Simão Dias;SE;4
;Siriri;SE;2
;São Cristóvão;SE;2
;São Domingos;SE;2
;São Francisco;SE;2
;São Miguel do Aleixo;SE;4
;Telha;SE;2
;Tobias Barreto;SE;4
;Tomar do Geru;SE;2
;Umbaúba;SE;2
;Adamantina;SP;16
;Adolfo;SP;12
;Aguaí;SP;12
;Agudos;SP;14
;Alambari;SP;18
;Alfredo Marcondes;SP;12
;Altair;SP;16
;Altinópolis;SP;16
;Alto Alegre;SP;12
;Alumínio;SP;16
;Alvinlândia;SP;16
;Americana;SP;18
;Amparo;SP;14
;Américo Brasiliense;SP;16
;Américo de Campos;SP;14
;Analândia;SP;16
;Andradina;SP;18
;Angatuba;SP;16
;Anhembi;SP;16
;Anhumas;SP;16
;Aparecida;SP;20
;Aparecida d’Oeste;SP;16
;Apiaí;SP;20
;Aramina;SP;14
;Arandu;SP;14
;Arapeí;SP;22
;Araraquara;SP;16
;Araras;SP;16
;Araçariguama;SP;16
;Araçatuba;SP;14
;Araçoiaba da Serra;SP;18
;Arco-Íris;SP;14
;Arealva;SP;12
;Areias;SP;20
;Areiópolis;SP;14
;Ariranha;SP;16
;Artur Nogueira;SP;16
;Arujá;SP;22
;Aspásia;SP;12
;Assis;SP;16
;Atibaia;SP;18
;Auriflama;SP;14
;Avanhandava;SP;10
;Avaré;SP;16
;Avaí;SP;14
;Bady Bassitt;SP;14
;Balbinos;SP;12
;Bananal;SP;22
;Barbosa;SP;10
;Bariri;SP;16
;Barra Bonita;SP;14
;Barra do Chapéu;SP;16
;Barra do Turvo;SP;20
;Barretos;SP;16
;Barrinha;SP;14
;Barueri;SP;18
;Barão de Antonina;SP;12
;Bastos;SP;14
;Batatais;SP;16
;Bauru;SP;12
;Bebedouro;SP;14
;Bento de Abreu;SP;14
;Bernardino de Campos;SP;12
;Bertioga;SP;18
;Bilac;SP;12
;Birigui;SP;12
;Biritiba Mirim;SP;18
;Boa Esperança do Sul;SP;18
;Bocaina;SP;16
;Bofete;SP;16
;Boituva;SP;16
;Bom Jesus dos Perdões;SP;18
;Bom Sucesso de Itararé;SP;16
;Boraceia;SP;12
;Borborema;SP;16
;Borebi;SP;16
;Borá;SP;16
;Botucatu;SP;16
;Bragança Paulista;SP;16
;Braúna;SP;12
;Brejo Alegre;SP;10
;Brodowski;SP;16
;Brotas;SP;16
;Buri;SP;18
;Buritama;SP;12
;Buritizal;SP;14
;Bálsamo;SP;12
;Cabreúva;SP;16
;Cabrália Paulista;SP;14
;Cachoeira Paulista;SP;18
;Caconde;SP;14
;Cafelândia;SP;12
;Caiabu;SP;14
;Caieiras;SP;20
;Caiuá;SP;20
;Cajamar;SP;18
;Cajati;SP;18
;Cajobi;SP;14
;Cajuru;SP;18
;Campina do Monte Alegre;SP;14
;Campinas;SP;18
;Campo Limpo Paulista;SP;18
;Campos Novos Paulista;SP;16
;Campos do Jordão;SP;16
;Cananeia;SP;16
;Canas;SP;18
;Canitar;SP;14
;Capela do Alto;SP;18
;Capivari;SP;16
;Capão Bonito;SP;20
;Caraguatatuba;SP;16
;Carapicuíba;SP;18
;Cardoso;SP;14
;Casa Branca;SP;14
;Castilho;SP;18
;Catanduva;SP;16
;Catiguá;SP;16
;Caçapava;SP;20
;Cedral;SP;14
;Cerqueira César;SP;16
;Cerquilho;SP;16
;Cesário Lange;SP;16
;Charqueada;SP;16
;Chavantes;SP;14
;Clementina;SP;12
;Colina;SP;14
;Colômbia;SP;18
;Conchal;SP;16
;Conchas;SP;16
;Cordeirópolis;SP;16
;Coroados;SP;12
;Coronel Macedo;SP;12
;Corumbataí;SP;16
;Cosmorama;SP;12
;Cosmópolis;SP;18
;Cotia;SP;18
;Cravinhos;SP;18
;Cristais Paulista;SP;14
;Cruzeiro;SP;18
;Cruzália;SP;16
;Cubatão;SP;18
;Cunha;SP;20
;Cássia dos Coqueiros;SP;16
;Cândido Mota;SP;16
;Cândido Rodrigues;SP;18
;Descalvado;SP;16
;Diadema;SP;18
;Dirce Reis;SP;12
;Divinolândia;SP;14
;Dobrada;SP;16
;Dois Córregos;SP;16
;Dolcinópolis;SP;14
;Dourado;SP;16
;Dracena;SP;18
;Duartina;SP;14
;Dumont;SP;14
;Echaporã;SP;18
;Eldorado;SP;20
;Elias Fausto;SP;16
;Elisiário;SP;16
;Embaúba;SP;14
;Embu das Artes;SP;18
;Embu-Guaçu;SP;16
;Emilianópolis;SP;16
;Engenheiro Coelho;SP;16
;Espírito Santo do Pinhal;SP;14
;Espírito Santo do Turvo;SP;14
;Estiva Gerbi;SP;12
;Estrela do Norte;SP;18
;Estrela d’Oeste;SP;12
;Euclides da Cunha Paulista;SP;20
;Fartura;SP;12
;Fernando Prestes;SP;18
;Fernandópolis;SP;14
;Fernão;SP;14
;Ferraz de Vasconcelos;SP;20
;Flora Rica;SP;16
;Floreal;SP;14
;Florínea;SP;14
;Flórida Paulista;SP;16
;Franca;SP;16
;Francisco Morato;SP;18
;Franco da Rocha;SP;18
;Gabriel Monteiro;SP;12
;Garça;SP;16
;Gastão Vidigal;SP;12
;Gavião Peixoto;SP;18
;General Salgado;SP;12
;Getulina;SP;12
;Glicério;SP;10
;Guaimbê;SP;12
;Guaiçara;SP;10
;Guapiara;SP;18
;Guapiaçu;SP;14
;Guaraci;SP;18
;Guarani d’Oeste;SP;14
;Guarantã;SP;12
;Guararapes;SP;14
;Guararema;SP;20
;Guaratinguetá;SP;20
;Guaraçaí;SP;16
;Guareí;SP;16
;Guariba;SP;16
;Guarujá;SP;18
;Guarulhos;SP;22
;Guará;SP;14
;Guatapará;SP;16
;Guaíra;SP;16
;Guzolândia;SP;14
;Gália;SP;16
;Herculândia;SP;14
;Holambra;SP;18
;Hortolândia;SP;18
;Iacanga;SP;14
;Iacri;SP;14
;Iaras;SP;16
;Ibaté;SP;16
;Ibirarema;SP;16
;Ibirá;SP;16
;Ibitinga;SP;16
;Ibiúna;SP;16
;Icém;SP;18
;Iepê;SP;16
;Igarapava;SP;16
;Igaratá;SP;20
;Igaraçu do Tietê;SP;12
;Iguape;SP;20
;Ilha Comprida;SP;16
;Ilha Solteira;SP;18
;Ilhabela;SP;12
;Indaiatuba;SP;16
;Indiana;SP;14
;Indiaporã;SP;14
;Inúbia Paulista;SP;14
;Ipaussu;SP;12
;Iperó;SP;16
;Ipeúna;SP;16
;Ipiguá;SP;12
;Iporanga;SP;20
;Ipuã;SP;16
;Iracemápolis;SP;16
;Irapuru;SP;18
;Irapuã;SP;14
;Itaberá;SP;14
;Itajobi;SP;16
;Itaju;SP;16
;Itanhaém;SP;16
;Itaoca;SP;18
;Itapecerica da Serra;SP;18
;Itapetininga;SP;18
;Itapeva;SP;18
;Itapevi;SP;18
;Itapira;SP;14
;Itapirapuã Paulista;SP;16
;Itaporanga;SP;12
;Itapura;SP;18
;Itapuí;SP;12
;Itaquaquecetuba;SP;22
;Itararé;SP;14
;Itariri;SP;18
;Itatiba;SP;14
;Itatinga;SP;16
;Itaí;SP;14
;Itirapina;SP;16
;Itirapuã;SP;14
;Itobi;SP;14
;Itu;SP;16
;Itupeva;SP;16
;Ituverava;SP;14
;Itápolis;SP;18
;Jaborandi;SP;14
;Jaboticabal;SP;14
;Jacareí;SP;20
;Jaci;SP;12
;Jacupiranga;SP;18
;Jaguariúna;SP;18
;Jales;SP;12
;Jambeiro;SP;20
;Jandira;SP;18
;Jardinópolis;SP;14
;Jarinu;SP;16
;Jaú;SP;14
;Jeriquara;SP;14
;Joanópolis;SP;18
;José Bonifácio;SP;12
;João Ramalho;SP;16
;Jumirim;SP;16
;Jundiaí;SP;18
;Junqueirópolis;SP;18
;Juquitiba;SP;14
;Juquiá;SP;20
;Júlio Mesquita;SP;12
;Lagoinha;SP;20
;Laranjal Paulista;SP;18
;Lavrinhas;SP;20
;Lavínia;SP;16
;Leme;SP;14
;Lençóis Paulista;SP;16
;Limeira;SP;16
;Lindoia;SP;14
;Lins;SP;10
;Lorena;SP;20
;Lourdes;SP;12
;Louveira;SP;16
;Lucianópolis;SP;14
;Lucélia;SP;16
;Luiziânia;SP;12
;Lupércio;SP;16
;Lutécia;SP;18
;Luís Antônio;SP;16
;Macatuba;SP;12
;Macaubal;SP;12
;Macedônia;SP;14
;Magda;SP;14
;Mairinque;SP;16
;Mairiporã;SP;20
;Manduri;SP;14
;Marabá Paulista;SP;18
;Maracaí;SP;16
;Marapoama;SP;14
;Marinópolis;SP;14
;Mariápolis;SP;16
;Martinópolis;SP;16
;Marília;SP;18
;Matão;SP;18
;Mauá;SP;20
;Mendonça;SP;14
;Meridiano;SP;14
;Mesópolis;SP;14
;Miguelópolis;SP;16
;Mineiros do Tietê;SP;14
;Mira Estrela;SP;14
;Miracatu;SP;20
;Mirandópolis;SP;16
;Mirante do Paranapanema;SP;18
;Mirassol;SP;12
;Mirassolândia;SP;12
;Mococa;SP;16
;Mogi Guaçu;SP;14
;Mogi Mirim;SP;16
;Mogi das Cruzes;SP;20
;Mombuca;SP;18
;Mongaguá;SP;16
;Monte Alegre do Sul;SP;14
;Monte Alto;SP;18
;Monte Aprazível;SP;12
;Monte Azul Paulista;SP;14
;Monte Castelo;SP;18
;Monte Mor;SP;16
;Monteiro Lobato;SP;20
;Monções;SP;10
;Morro Agudo;SP;16
;Morungaba;SP;14
;Motuca;SP;16
;Murutinga do Sul;SP;16
;Nantes;SP;16
;Narandiba;SP;16
;Natividade da Serra;SP;20
;Nazaré Paulista;SP;20
;Neves Paulista;SP;12
;Nhandeara;SP;14
;Nipoã;SP;10
;Nova Aliança;SP;14
;Nova Campina;SP;16
;Nova Canaã Paulista;SP;16
;Nova Castilho;SP;12
;Nova Europa;SP;18
;Nova Granada;SP;16
;Nova Guataporanga;SP;18
;Nova Independência;SP;18
;Nova Luzitânia;SP;12
;Nova Odessa;SP;18
;Novais;SP;16
;Novo Horizonte;SP;14
;Nuporanga;SP;14
;Ocauçu;SP;18
;Olímpia;SP;14
;Onda Verde;SP;14
;Oriente;SP;18
;Orindiúva;SP;18
;Orlândia;SP;14
;Osasco;SP;18
;Oscar Bressane;SP;18
;Osvaldo Cruz;SP;14
;Ourinhos;SP;14
;Ouro Verde;SP;18
;Ouroeste;SP;14
;Pacaembu;SP;16
;Palestina;SP;16
;Palmares Paulista;SP;16
;Palmeira d’Oeste;SP;14
;Palmital;SP;16
;Panorama;SP;18
;Paraguaçu Paulista;SP;16
;Paraibuna;SP;20
;Paranapanema;SP;16
;Paranapuã;SP;14
;Parapuã;SP;14
;Paraíso;SP;16
;Pardinho;SP;16
;Pariquera-Açu;SP;14
;Parisi;SP;14
;Patrocínio Paulista;SP;16
;Pauliceia;SP;16
;Paulistânia;SP;14
;Paulo de Faria;SP;18
;Paulínia;SP;18
;Pederneiras;SP;12
;Pedra Bela;SP;14
;Pedranópolis;SP;14
;Pedregulho;SP;14
;Pedreira;SP;14
;Pedrinhas Paulista;SP;14
;Pedro de Toledo;SP;18
;Penápolis;SP;10
;Pereira Barreto;SP;18
;Pereiras;SP;16
;Peruíbe;SP;14
;Piacatu;SP;12
;Piedade;SP;18
;Pilar do Sul;SP;20
;Pindamonhangaba;SP;18
;Pindorama;SP;16
;Pinhalzinho;SP;14
;Piquerobi;SP;16
;Piquete;SP;16
;Piracaia;SP;18
;Piracicaba;SP;18
;Piraju;SP;14
;Pirajuí;SP;12
;Pirangi;SP;16
;Pirapora do Bom Jesus;SP;18
;Pirapozinho;SP;16
;Pirassununga;SP;16
;Piratininga;SP;14
;Pitangueiras;SP;14
;Planalto;SP;10
;Platina;SP;16
;Poloni;SP;12
;Pompeia;SP;18
;Pongaí;SP;12
;Pontal;SP;14
;Pontalinda;SP;12
;Pontes Gestal;SP;14
;Populina;SP;14
;Porangaba;SP;16
;Porto Feliz;SP;16
;Porto Ferreira;SP;16
;Potim;SP;18
;Potirendaba;SP;14
;Poá;SP;20
;Pracinha;SP;16
;Pradópolis;SP;16
;Praia Grande;SP;18
;Pratânia;SP;14
;Presidente Alves;SP;12
;Presidente Bernardes;SP;18
;Presidente Epitácio;SP;22
;Presidente Prudente;SP;14
;Presidente Venceslau;SP;18
;Promissão;SP;10
;Quadra;SP;16
;Quatá;SP;16
;Queiroz;SP;14
;Queluz;SP;20
;Quintana;SP;16
;Rafard;SP;16
;Rancharia;SP;16
;Redenção da Serra;SP;20
;Regente Feijó;SP;16
;Reginópolis;SP;12
;Registro;SP;18
;Restinga;SP;14
;Ribeira;SP;16
;Ribeirão Bonito;SP;16
;Ribeirão Branco;SP;18
;Ribeirão Corrente;SP;14
;Ribeirão Grande;SP;20
;Ribeirão Pires;SP;20
;Ribeirão Preto;SP;16
;Ribeirão do Sul;SP;14
;Ribeirão dos Índios;SP;16
;Rifaina;SP;14
;Rincão;SP;16
;Rinópolis;SP;14
;Rio Claro;SP;16
;Rio Grande da Serra;SP;20
;Rio das Pedras;SP;18
;Riolândia;SP;16
;Riversul;SP;12
;Rosana;SP;22
;Roseira;SP;18
;Rubineia;SP;18
;Rubiácea;SP;14
;Sabino;SP;12
;Sagres;SP;16
;Sales;SP;12
;Sales Oliveira;SP;14
;Salesópolis;SP;20
;Salmourão;SP;14
;Saltinho;SP;18
;Salto;SP;16
;Salto Grande;SP;14
;Salto de Pirapora;SP;18
;Sandovalina;SP;18
;Santa Adélia;SP;18
;Santa Albertina;SP;14
;Santa Branca;SP;20
;Santa Bárbara d’Oeste;SP;16
;Santa Clara d’Oeste;SP;16
;Santa Cruz da Conceição;SP;16
;Santa Cruz da Esperança;SP;18
;Santa Cruz das Palmeiras;SP;14
;Santa Cruz do Rio Pardo;SP;14
;Santa Ernestina;SP;16
;Santa Fé do Sul;SP;16
;Santa Gertrudes;SP;16
;Santa Isabel;SP;22
;Santa Lúcia;SP;16
;Santa Maria da Serra;SP;14
;Santa Mercedes;SP;16
;Santa Rita do Passa Quatro;SP;16
;Santa Rita d’Oeste;SP;14
;Santa Rosa de Viterbo;SP;18
;Santa Salete;SP;14
;Santana da Ponte Pensa;SP;14
;Santana de Parnaíba;SP;18
;Santo Anastácio;SP;16
;Santo André;SP;20
;Santo Antônio da Alegria;SP;16
;Santo Antônio de Posse;SP;16
;Santo Antônio do Aracanguá;SP;14
;Santo Antônio do Jardim;SP;14
;Santo Antônio do Pinhal;SP;18
;Santo Expedito;SP;14
;Santos;SP;18
;Santópolis do Aguapeí;SP;12
;Sarapuí;SP;18
;Sarutaiá;SP;12
;Sebastianópolis do Sul;SP;12
;Serra Azul;SP;18
;Serra Negra;SP;14
;Serrana;SP;16
;Sertãozinho;SP;14
;Sete Barras;SP;20
;Severínia;SP;14
;Silveiras;SP;20
;Socorro;SP;14
;Sorocaba;SP;16
;Sud Mennucci;SP;16
;Sumaré;SP;18
;Suzano;SP;20
;Suzanápolis;SP;16
;São Bento do Sapucaí;SP;16
;São Bernardo do Campo;SP;20
;São Caetano do Sul;SP;20
;São Carlos;SP;16
;São Francisco;SP;12
;São Joaquim da Barra;SP;16
;São José da Bela Vista;SP;14
;São José do Barreiro;SP;22
;São José do Rio Pardo;SP;14
;São José do Rio Preto;SP;14
;São José dos Campos;SP;20
;São João da Boa Vista;SP;14
;São João das Duas Pontes;SP;12
;São João de Iracema;SP;12
;São João do Pau d’Alho;SP;18
;São Lourenço da Serra;SP;16
;São Luiz do Paraitinga;SP;18
;São Manuel;SP;14
;São Miguel Arcanjo;SP;18
;São Paulo;SP;22
;São Pedro;SP;16
;São Pedro do Turvo;SP;16
;São Roque;SP;16
;São Sebastião;SP;18
;São Sebastião da Grama;SP;14
;São Simão;SP;18
;São Vicente;SP;18
;Tabapuã;SP;16
;Tabatinga;SP;18
;Taboão da Serra;SP;18
;Taciba;SP;16
;Taguaí;SP;12
;Taiaçu;SP;16
;Taiúva;SP;14
;Tambaú;SP;16
;Tanabi;SP;12
;Tapiratiba;SP;14
;Tapiraí;SP;20
;Taquaral;SP;14
;Taquaritinga;SP;18
;Taquarituba;SP;12
;Taquarivaí;SP;18
;Tarabai;SP;18
;Tarumã;SP;16
;Tatuí;SP;18
;Taubaté;SP;20
;Tejupá;SP;12
;Teodoro Sampaio;SP;22
;Terra Roxa;SP;14
;Tietê;SP;18
;Timburi;SP;12
;Torre de Pedra;SP;16
;Torrinha;SP;14
;Trabiju;SP;16
;Tremembé;SP;18
;Três Fronteiras;SP;16
;Tuiuti;SP;14
;Tupi Paulista;SP;18
;Tupã;SP;14
;Turiúba;SP;10
;Turmalina;SP;14
;Ubarana;SP;12
;Ubatuba;SP;16
;Ubirajara;SP;16
;Uchoa;SP;16
;União Paulista;SP;10
;Uru;SP;12
;Urupês;SP;16
;Urânia;SP;14
;Valentim Gentil;SP;14
;Valinhos;SP;16
;Valparaíso;SP;14
;Vargem;SP;16
;Vargem Grande Paulista;SP;16
;Vargem Grande do Sul;SP;14
;Vera Cruz;SP;16
;Vinhedo;SP;16
;Viradouro;SP;14
;Vista Alegre do Alto;SP;16
;Vitória Brasil;SP;12
;Votorantim;SP;16
;Votuporanga;SP;14
;Várzea Paulista;SP;16
;Zacarias;SP;10
;Águas da Prata;SP;14
;Águas de Lindoia;SP;14
;Águas de Santa Bárbara;SP;14
;Águas de São Pedro;SP;16
;Álvares Florence;SP;14
;Álvares Machado;SP;16
;Álvaro de Carvalho;SP;14
;Óleo;SP;14
;Abreulândia;TO;28
;Aguiarnópolis;TO;12
;Aliança do Tocantins;TO;22
;Almas;TO;26
;Alvorada;TO;20
;Ananás;TO;14
;Angico;TO;14
;Aparecida do Rio Negro;TO;22
;Aragominas;TO;18
;Araguacema;TO;24
;Araguanã;TO;18
;Araguatins;TO;14
;Araguaçu;TO;18
;Araguaína;TO;20
;Arapoema;TO;22
;Arraias;TO;14
;Augustinópolis;TO;14
;Aurora do Tocantins;TO;18
;Axixá do Tocantins;TO;12
;Babaçulândia;TO;18
;Bandeirantes do Tocantins;TO;22
;Barra do Ouro;TO;14
;Barrolândia;TO;26
;Bernardo Sayão;TO;22
;Bom Jesus do Tocantins;TO;22
;Brasilândia do Tocantins;TO;22
;Brejinho de Nazaré;TO;24
;Buriti do Tocantins;TO;14
;Cachoeirinha;TO;10
;Campos Lindos;TO;20
;Cariri do Tocantins;TO;22
;Carmolândia;TO;16
;Carrasco Bonito;TO;14
;Caseara;TO;24
;Centenário;TO;22
;Chapada da Natividade;TO;22
;Chapada de Areia;TO;22
;Colinas do Tocantins;TO;22
;Colmeia;TO;24
;Combinado;TO;14
;Conceição do Tocantins;TO;22
;Couto Magalhães;TO;24
;Cristalândia;TO;22
;Crixás do Tocantins;TO;28
;Darcinópolis;TO;16
;Dianópolis;TO;26
;Divinópolis do Tocantins;TO;28
;Dois Irmãos do Tocantins;TO;28
;Dueré;TO;24
;Esperantina;TO;14
;Figueirópolis;TO;24
;Filadélfia;TO;18
;Formoso do Araguaia;TO;20
;Fátima;TO;24
;Goianorte;TO;24
;Goiatins;TO;22
;Guaraí;TO;22
;Gurupi;TO;22
;Ipueiras;TO;22
;Itacajá;TO;22
;Itaguatins;TO;14
;Itapiratins;TO;22
;Itaporã do Tocantins;TO;22
;Jaú do Tocantins;TO;18
;Juarina;TO;22
;Lagoa da Confusão;TO;24
;Lagoa do Tocantins;TO;22
;Lajeado;TO;22
;Lavandeira;TO;16
;Lizarda;TO;22
;Luzinópolis;TO;10
;Marianópolis do Tocantins;TO;26
;Mateiros;TO;24
;Maurilândia do Tocantins;TO;14
;Miracema do Tocantins;TO;24
;Miranorte;TO;24
;Monte Santo do Tocantins;TO;24
;Monte do Carmo;TO;26
;Muricilândia;TO;18
;Natividade;TO;22
;Nazaré;TO;10
;Nova Olinda;TO;16
;Nova Rosalândia;TO;24
;Novo Acordo;TO;20
;Novo Alegre;TO;14
;Novo Jardim;TO;26
;Oliveira de Fátima;TO;24
;Palmas;TO;26
;Palmeirante;TO;20
;Palmeiras do Tocantins;TO;12
;Palmeirópolis;TO;16
;Paranã;TO;16
;Paraíso do Tocantins;TO;24
;Pau D’Arco;TO;22
;Pedro Afonso;TO;20
;Peixe;TO;22
;Pequizeiro;TO;24
;Pindorama do Tocantins;TO;24
;Piraquê;TO;16
;Pium;TO;22
;Ponte Alta do Bom Jesus;TO;24
;Ponte Alta do Tocantins;TO;24
;Porto Alegre do Tocantins;TO;26
;Porto Nacional;TO;26
;Praia Norte;TO;12
;Presidente Kennedy;TO;22
;Pugmil;TO;24
;Recursolândia;TO;22
;Riachinho;TO;14
;Rio Sono;TO;20
;Rio da Conceição;TO;26
;Rio dos Bois;TO;22
;Sampaio;TO;14
;Sandolândia;TO;16
;Santa Fé do Araguaia;TO;16
;Santa Maria do Tocantins;TO;22
;Santa Rita do Tocantins;TO;28
;Santa Rosa do Tocantins;TO;22
;Santa Tereza do Tocantins;TO;20
;Santa Terezinha do Tocantins;TO;12
;Silvanópolis;TO;22
;Sucupira;TO;24
;São Bento do Tocantins;TO;10
;São Félix do Tocantins;TO;20
;São Miguel do Tocantins;TO;14
;São Salvador do Tocantins;TO;16
;São Sebastião do Tocantins;TO;14
;São Valério;TO;18
;Sítio Novo do Tocantins;TO;14
;Tabocão;TO;22
;Taguatinga;TO;18
;Taipas do Tocantins;TO;24
;Talismã;TO;18
;Tocantinópolis;TO;12
;Tocantínia;TO;22
;Tupirama;TO;16
;Tupiratins;TO;20
;Wanderlândia;TO;16
;Xambioá;TO;16
